{
  "Version": 3,
  "Meta": {
    "Duration": 3.483,
    "Fps": 60.0,
    "Loop": true,
    "AreBeziersRestricted": true,
    "CurveCount": 36,
    "UserDataCount": 0,
    "TotalSegmentCount": 91,
    "TotalPointCount": 91,
    "TotalUserDataSize": 0
  },
  "Curves": [
    {
      "Target": "Parameter",
      "Id": "ParamEyeTeary",
      "Segments": [
        0,
        0.5,
        0,
        0.167,
        1,
        0,
        0.333,
        0.5,
        0,
        0.5,
        1,
        0,
        0.667,
        0.5,
        0,
        0.833,
        1,
        0,
        1,
        0.5,
        0,
        1.167,
        1,
        0,
        1.333,
        0.5,
        0,
        1.5,
        1,
        0,
        1.667,
        0.5,
        0,
        1.833,
        1,
        0,
        2,
        0.5,
        0,
        2.167,
        1,
        0,
        2.333,
        0.5,
        0,
        2.5,
        1,
        0,
        2.667,
        0.5,
        0,
        2.833,
        1,
        0,
        3,
        0.5,
        0,
        3.167,
        1,
        2,
        3.483,
        1
      ]
    },
    {
      "Target": "Parameter",
      "Id": "ParamTear2",
      "Segments": [
        0,
        0,
        0,
        3.483,
        0
      ]
    },
    {
      "Target": "Parameter",
      "Id": "ParamTearL",
      "Segments": [
        0,
        0,
        0,
        3.483,
        0
      ]
    },
    {
      "Target": "Parameter",
      "Id": "ParamTearHighlightL",
      "Segments": [
        0,
        0,
        0,
        3.483,
        0
      ]
    },
    {
      "Target": "Parameter",
      "Id": "ParamTear4",
      "Segments": [
        0,
        -1,
        0,
        3.483,
        -1
      ]
    },
    {
      "Target": "Parameter",
      "Id": "ParamTearHighlightR",
      "Segments": [
        0,
        0,
        0,
        3.483,
        0
      ]
    },
    {
      "Target": "Parameter",
      "Id": "ParamTearR",
      "Segments": [
        0,
        0,
        0,
        3.483,
        0
      ]
    },
    {
      "Target": "Parameter",
      "Id": "ParamTear3",
      "Segments": [
        0,
        -1,
        0,
        3.483,
        -1
      ]
    },
    {
      "Target": "Parameter",
      "Id": "ParamBrowRX",
      "Segments": [
        0,
        -0.2,
        0,
        3.483,
        -0.2
      ]
    },
    {
      "Target": "Parameter",
      "Id": "ParamBrowRY",
      "Segments": [
        0,
        -0.584,
        0,
        3.483,
        -0.584
      ]
    },
    {
      "Target": "Parameter",
      "Id": "ParamBrowRAngle",
      "Segments": [
        0,
        0.2,
        0,
        3.483,
        0.2
      ]
    },
    {
      "Target": "Parameter",
      "Id": "ParamBrowRForm",
      "Segments": [
        0,
        -0.5,
        0,
        3.483,
        -0.5
      ]
    },
    {
      "Target": "Parameter",
      "Id": "ParamBrowLX",
      "Segments": [
        0,
        -0.2,
        0,
        3.483,
        -0.2
      ]
    },
    {
      "Target": "Parameter",
      "Id": "ParamBrowLY",
      "Segments": [
        0,
        -0.57,
        0,
        3.483,
        -0.57
      ]
    },
    {
      "Target": "Parameter",
      "Id": "ParamBrowLAngle",
      "Segments": [
        0,
        0.2,
        0,
        3.483,
        0.2
      ]
    },
    {
      "Target": "Parameter",
      "Id": "ParamBrowLForm",
      "Segments": [
        0,
        -0.5,
        0,
        3.483,
        -0.5
      ]
    },
    {
      "Target": "Parameter",
      "Id": "ParamEyeROpen",
      "Segments": [
        0,
        0.8,
        0,
        3.483,
        0.8
      ]
    },
    {
      "Target": "Parameter",
      "Id": "ParamEyeRSmile",
      "Segments": [
        0,
        0.51,
        0,
        3.483,
        0.51
      ]
    },
    {
      "Target": "Parameter",
      "Id": "ParamEyeRForm",
      "Segments": [
        0,
        0.3,
        0,
        3.483,
        0.3
      ]
    },
    {
      "Target": "Parameter",
      "Id": "ParamEyeLOpen",
      "Segments": [
        0,
        0.8,
        0,
        3.483,
        0.8
      ]
    },
    {
      "Target": "Parameter",
      "Id": "ParamEyeLSmile",
      "Segments": [
        0,
        0.52,
        0,
        3.483,
        0.52
      ]
    },
    {
      "Target": "Parameter",
      "Id": "ParamEyeLForm",
      "Segments": [
        0,
        0.3,
        0,
        3.483,
        0.3
      ]
    },
    {
      "Target": "Parameter",
      "Id": "ParamEyeballY",
      "Segments": [
        0,
        0,
        0,
        3.483,
        0
      ]
    },
    {
      "Target": "Parameter",
      "Id": "ParamEyeSize",
      "Segments": [
        0,
        0,
        0,
        3.483,
        0
      ]
    },
    {
      "Target": "Parameter",
      "Id": "ParamTear",
      "Segments": [
        0,
        0,
        0,
        3.483,
        0
      ]
    },
    {
      "Target": "Parameter",
      "Id": "ParamMouthForm",
      "Segments": [
        0,
        -0.5,
        0,
        3.483,
        -0.5
      ]
    },
    {
      "Target": "Parameter",
      "Id": "ParamMouthForm2",
      "Segments": [
        0,
        0,
        0,
        3.483,
        0
      ]
    },
    {
      "Target": "Parameter",
      "Id": "ParamTeeth",
      "Segments": [
        0,
        0,
        0,
        3.483,
        0
      ]
    },
    {
      "Target": "Parameter",
      "Id": "ParamMouthScaleX",
      "Segments": [
        0,
        0,
        0,
        3.483,
        0
      ]
    },
    {
      "Target": "Parameter",
      "Id": "ParamMouthScaleY",
      "Segments": [
        0,
        0,
        0,
        3.483,
        0
      ]
    },
    {
      "Target": "Parameter",
      "Id": "ParamMouthPositionY",
      "Segments": [
        0,
        0,
        0,
        3.483,
        0
      ]
    },
    {
      "Target": "Parameter",
      "Id": "ParamCheek",
      "Segments": [
        0,
        0,
        0,
        3.483,
        0
      ]
    },
    {
      "Target": "Parameter",
      "Id": "ParamFaceShadow",
      "Segments": [
        0,
        0,
        0,
        3.483,
        0
      ]
    },
    {
      "Target": "Parameter",
      "Id": "ParamSweatOn",
      "Segments": [
        0,
        0,
        0,
        3.483,
        0
      ]
    },
    {
      "Target": "Parameter",
      "Id": "ParamSweatMove",
      "Segments": [
        0,
        0,
        0,
        3.483,
        0
      ]
    },
    {
      "Target": "Parameter",
      "Id": "ParamCheekAngry",
      "Segments": [
        0,
        0,
        0,
        3.483,
        0
      ]
    }
  ],
  "UserData": []
}