{
  "Version": 3,
  "Meta": {
    "Duration": 3.0,
    "Fps": 60.0,
    "Loop": true,
    "AreBeziersRestricted": true,
    "CurveCount": 91,
    "TotalSegmentCount": 182,
    "TotalPointCount": 194,
    "UserDataCount": 1,
    "TotalUserDataSize": 0
  },
  "Curves": [
    {
      "Target": "Parameter",
      "Id": "ParamAngleX",
      "Segments": [
        0,
        0,
        2,
        0.033,
        0,
        2,
        0.5,
        0,
        0,
        1,
        -11,
        0,
        1.333,
        -10.58,
        2,
        3,
        -10.58
      ]
    },
    {
      "Target": "Parameter",
      "Id": "ParamAngleY",
      "Segments": [
        0,
        0,
        2,
        0.033,
        0,
        0,
        0.3,
        2,
        0,
        0.567,
        -15,
        0,
        1.067,
        7,
        0,
        1.433,
        5.601,
        2,
        3,
        5.601
      ]
    },
    {
      "Target": "Parameter",
      "Id": "ParamAngleZ",
      "Segments": [
        0,
        0,
        2,
        0.033,
        0,
        0,
        0.467,
        5.9,
        0,
        1.133,
        -9,
        0,
        1.5,
        -8.7,
        2,
        3,
        -8.7
      ]
    },
    {
      "Target": "Parameter",
      "Id": "ParamEyeROpen",
      "Segments": [
        0,
        1,
        2,
        0.533,
        1,
        0,
        0.6,
        0,
        2,
        0.833,
        0,
        0,
        0.933,
        1,
        2,
        1.3,
        1,
        2,
        3,
        1
      ]
    },
    {
      "Target": "Parameter",
      "Id": "ParamEyeLOpen",
      "Segments": [
        0,
        1,
        2,
        0.533,
        1,
        0,
        0.6,
        0,
        2,
        0.833,
        0,
        0,
        0.933,
        1,
        2,
        1.3,
        1,
        2,
        3,
        1
      ]
    },
    {
      "Target": "Parameter",
      "Id": "ParamEyeBallX",
      "Segments": [
        0,
        0,
        2,
        0.5,
        0,
        0,
        0.933,
        0.2,
        2,
        3,
        0.2
      ]
    },
    {
      "Target": "Parameter",
      "Id": "ParamArm_R_01_001",
      "Segments": [
        0,
        0,
        2,
        0.033,
        0,
        0,
        0.5,
        -32.2,
        0,
        0.8,
        -31,
        2,
        1.433,
        -31,
        2,
        3,
        -31
      ]
    },
    {
      "Target": "Parameter",
      "Id": "ParamArm_R_01_002",
      "Segments": [
        0,
        0,
        2,
        0.033,
        0,
        0,
        0.533,
        75.227,
        0,
        0.867,
        64.403,
        2,
        1.433,
        64.403,
        2,
        3,
        64.403
      ]
    },
    {
      "Target": "Parameter",
      "Id": "ParamArm_R_01_003",
      "Segments": [
        0,
        0.1,
        2,
        0.033,
        0.1,
        1,
        0.089,
        0.1,
        0.144,
        -0.077,
        0.2,
        -0.1,
        1,
        0.211,
        -0.105,
        0.222,
        -0.101,
        0.233,
        -0.101,
        0,
        0.867,
        0.9,
        2,
        1.433,
        0.9,
        2,
        3,
        0.9
      ]
    },
    {
      "Target": "Parameter",
      "Id": "ParamArm_R_01_005",
      "Segments": [
        0,
        0,
        2,
        0.033,
        0,
        0,
        0.567,
        -0.5,
        2,
        0.8,
        -0.5,
        2,
        1.433,
        -0.5,
        2,
        3,
        -0.5
      ]
    },
    {
      "Target": "Parameter",
      "Id": "ParamArm_R_01_004",
      "Segments": [
        0,
        0,
        2,
        0.033,
        0,
        0,
        0.567,
        -1,
        2,
        0.8,
        -1,
        2,
        1.433,
        -1,
        2,
        3,
        -1
      ]
    },
    {
      "Target": "Parameter",
      "Id": "ParamArm_L_01_001",
      "Segments": [
        0,
        0,
        2,
        0.167,
        0,
        0,
        0.317,
        -0.885,
        1,
        0.384,
        -0.885,
        0.45,
        -0.967,
        0.517,
        -0.285,
        1,
        0.617,
        0.739,
        0.717,
        2.65,
        0.817,
        2.65,
        0,
        1.117,
        2,
        2,
        3,
        2
      ]
    },
    {
      "Target": "Parameter",
      "Id": "ParamArm_L_01_002",
      "Segments": [
        0,
        0,
        0,
        0.233,
        0.293,
        0,
        0.6,
        -2.179,
        0,
        0.983,
        5.755,
        0,
        1.417,
        4.438,
        2,
        3,
        4.438
      ]
    },
    {
      "Target": "Parameter",
      "Id": "ParamArm_L_01_003",
      "Segments": [
        0,
        0.236,
        0,
        0.3,
        0.248,
        0,
        0.717,
        0.144,
        0,
        1.1,
        0.219,
        0,
        1.417,
        0.207,
        2,
        3,
        0.207
      ]
    },
    {
      "Target": "Parameter",
      "Id": "Paramhand_R_01_001",
      "Segments": [
        0,
        1,
        2,
        0.033,
        1,
        2,
        0.067,
        1,
        2,
        0.483,
        1,
        0,
        0.5,
        0,
        2,
        1.467,
        0,
        2,
        3,
        0
      ]
    },
    {
      "Target": "Parameter",
      "Id": "Paramhand_R_01_007",
      "Segments": [
        0,
        0,
        2,
        0.033,
        0,
        2,
        0.067,
        0,
        2,
        0.483,
        0,
        0,
        0.5,
        1,
        2,
        1.467,
        1,
        2,
        3,
        1
      ]
    },
    {
      "Target": "Parameter",
      "Id": "ParamShoulder_R",
      "Segments": [
        0,
        0,
        2,
        0.033,
        0,
        2,
        0.233,
        0,
        0,
        0.5,
        0.2,
        0,
        0.933,
        0,
        2,
        3,
        0
      ]
    },
    {
      "Target": "Parameter",
      "Id": "ParamBodyAngleX",
      "Segments": [
        0,
        0,
        1,
        0.156,
        0,
        0.311,
        -0.216,
        0.467,
        -2,
        1,
        0.589,
        -3.402,
        0.711,
        -5.721,
        0.833,
        -5.721,
        0,
        1.067,
        -4.86,
        2,
        3,
        -4.86
      ]
    },
    {
      "Target": "Parameter",
      "Id": "ParamBodyAngleY",
      "Segments": [
        0,
        0,
        2,
        0.033,
        0,
        0,
        0.333,
        4,
        0,
        0.833,
        -1.06,
        0,
        1.2,
        0,
        2,
        3,
        0
      ]
    },
    {
      "Target": "Parameter",
      "Id": "ParamBodyAngleZ",
      "Segments": [
        0,
        0,
        2,
        0.033,
        0,
        0,
        1.3,
        2,
        2,
        3,
        2
      ]
    },
    {
      "Target": "Parameter",
      "Id": "Param_Position_Y",
      "Segments": [
        0,
        0,
        2,
        0.033,
        0,
        0,
        0.333,
        4,
        0,
        0.833,
        -1,
        0,
        1.167,
        0,
        2,
        3,
        0
      ]
    },
    {
      "Target": "Parameter",
      "Id": "Param_Position_Z",
      "Segments": [
        0,
        0,
        2,
        0.033,
        0,
        0,
        0.333,
        3,
        0,
        0.833,
        -2.153,
        0,
        1.3,
        -1.451,
        2,
        3,
        -1.451
      ]
    },
    {
      "Target": "Parameter",
      "Id": "ParamEyeRSmile",
      "Segments": [
        0,
        0,
        0,
        3,
        0
      ]
    },
    {
      "Target": "Parameter",
      "Id": "ParamEyeLSmile",
      "Segments": [
        0,
        0,
        0,
        3,
        0
      ]
    },
    {
      "Target": "Parameter",
      "Id": "ParamEyeLLine",
      "Segments": [
        0,
        0,
        0,
        3,
        0
      ]
    },
    {
      "Target": "Parameter",
      "Id": "ParamEyeRLine",
      "Segments": [
        0,
        0,
        0,
        3,
        0
      ]
    },
    {
      "Target": "Parameter",
      "Id": "ParamEyeBallY",
      "Segments": [
        0,
        0,
        0,
        3,
        0
      ]
    },
    {
      "Target": "Parameter",
      "Id": "ParamEyeScale",
      "Segments": [
        0,
        0,
        0,
        3,
        0
      ]
    },
    {
      "Target": "Parameter",
      "Id": "ParamEyeRForm",
      "Segments": [
        0,
        0,
        0,
        3,
        0
      ]
    },
    {
      "Target": "Parameter",
      "Id": "ParamEyeLForm",
      "Segments": [
        0,
        0,
        0,
        3,
        0
      ]
    },
    {
      "Target": "Parameter",
      "Id": "ParamEyeHighLight",
      "Segments": [
        0,
        1,
        0,
        3,
        1
      ]
    },
    {
      "Target": "Parameter",
      "Id": "ParamEyeBKira",
      "Segments": [
        0,
        0,
        0,
        3,
        0
      ]
    },
    {
      "Target": "Parameter",
      "Id": "ParamTears",
      "Segments": [
        0,
        0,
        0,
        3,
        0
      ]
    },
    {
      "Target": "Parameter",
      "Id": "ParamEyeBTwinkle",
      "Segments": [
        0,
        0,
        0,
        3,
        0
      ]
    },
    {
      "Target": "Parameter",
      "Id": "ParamBrowLY",
      "Segments": [
        0,
        0,
        0,
        3,
        0
      ]
    },
    {
      "Target": "Parameter",
      "Id": "ParamBrowRY",
      "Segments": [
        0,
        0,
        0,
        3,
        0
      ]
    },
    {
      "Target": "Parameter",
      "Id": "ParamBrowLX",
      "Segments": [
        0,
        0,
        0,
        3,
        0
      ]
    },
    {
      "Target": "Parameter",
      "Id": "ParamBrowRX",
      "Segments": [
        0,
        0,
        0,
        3,
        0
      ]
    },
    {
      "Target": "Parameter",
      "Id": "ParamBrowLAngle",
      "Segments": [
        0,
        0,
        0,
        3,
        0
      ]
    },
    {
      "Target": "Parameter",
      "Id": "ParamBrowRAngle",
      "Segments": [
        0,
        0,
        0,
        3,
        0
      ]
    },
    {
      "Target": "Parameter",
      "Id": "ParamBrowLForm",
      "Segments": [
        0,
        0,
        0,
        3,
        0
      ]
    },
    {
      "Target": "Parameter",
      "Id": "ParamBrowRForm",
      "Segments": [
        0,
        0,
        0,
        3,
        0
      ]
    },
    {
      "Target": "Parameter",
      "Id": "ParamMouthForm",
      "Segments": [
        0,
        0,
        0,
        3,
        0
      ]
    },
    {
      "Target": "Parameter",
      "Id": "ParamMouthOpenY",
      "Segments": [
        0,
        0,
        0,
        3,
        0
      ]
    },
    {
      "Target": "Parameter",
      "Id": "Paramtooth",
      "Segments": [
        0,
        0,
        0,
        3,
        0
      ]
    },
    {
      "Target": "Parameter",
      "Id": "ParamMouthHight",
      "Segments": [
        0,
        0,
        0,
        3,
        0
      ]
    },
    {
      "Target": "Parameter",
      "Id": "ParamMouthWidth",
      "Segments": [
        0,
        0,
        0,
        3,
        0
      ]
    },
    {
      "Target": "Parameter",
      "Id": "ParamCheek",
      "Segments": [
        0,
        0,
        0,
        3,
        0
      ]
    },
    {
      "Target": "Parameter",
      "Id": "ParamSweat_02",
      "Segments": [
        0,
        0,
        0,
        3,
        0
      ]
    },
    {
      "Target": "Parameter",
      "Id": "ParamSweat_01",
      "Segments": [
        0,
        0,
        0,
        3,
        0
      ]
    },
    {
      "Target": "Parameter",
      "Id": "ParamArm_R_Change_001",
      "Segments": [
        0,
        0,
        0,
        3,
        0
      ]
    },
    {
      "Target": "Parameter",
      "Id": "ParamArm_L_01_005",
      "Segments": [
        0,
        0,
        0,
        3,
        0
      ]
    },
    {
      "Target": "Parameter",
      "Id": "ParamArm_L_01_004",
      "Segments": [
        0,
        0,
        0,
        3,
        0
      ]
    },
    {
      "Target": "Parameter",
      "Id": "ParamArm_L_Change_001",
      "Segments": [
        0,
        0,
        0,
        3,
        0
      ]
    },
    {
      "Target": "Parameter",
      "Id": "Paramhand_R_01_005",
      "Segments": [
        0,
        0,
        0,
        3,
        0
      ]
    },
    {
      "Target": "Parameter",
      "Id": "Paramhand_R_01_006",
      "Segments": [
        0,
        0,
        0,
        3,
        0
      ]
    },
    {
      "Target": "Parameter",
      "Id": "Paramhand_R_01_008",
      "Segments": [
        0,
        0,
        0,
        3,
        0
      ]
    },
    {
      "Target": "Parameter",
      "Id": "Paramhand_R_01_009",
      "Segments": [
        0,
        0,
        0,
        3,
        0
      ]
    },
    {
      "Target": "Parameter",
      "Id": "Paramhand_R_01_010",
      "Segments": [
        0,
        0,
        0,
        3,
        0
      ]
    },
    {
      "Target": "Parameter",
      "Id": "Paramhand_R_01_014",
      "Segments": [
        0,
        0,
        0,
        3,
        0
      ]
    },
    {
      "Target": "Parameter",
      "Id": "Paramhand_R_01_015",
      "Segments": [
        0,
        0,
        0,
        3,
        0
      ]
    },
    {
      "Target": "Parameter",
      "Id": "Paramhand_R_01_020",
      "Segments": [
        0,
        0,
        0,
        3,
        0
      ]
    },
    {
      "Target": "Parameter",
      "Id": "Paramhand_L_01_001",
      "Segments": [
        0,
        1,
        0,
        3,
        1
      ]
    },
    {
      "Target": "Parameter",
      "Id": "Paramhand_L_01_002",
      "Segments": [
        0,
        0,
        0,
        3,
        0
      ]
    },
    {
      "Target": "Parameter",
      "Id": "Paramhand_L_01_005",
      "Segments": [
        0,
        0,
        0,
        3,
        0
      ]
    },
    {
      "Target": "Parameter",
      "Id": "Paramhand_L_01_006",
      "Segments": [
        0,
        0,
        0,
        3,
        0
      ]
    },
    {
      "Target": "Parameter",
      "Id": "Paramhand_L_01_007",
      "Segments": [
        0,
        0,
        0,
        3,
        0
      ]
    },
    {
      "Target": "Parameter",
      "Id": "Paramhand_L_01_008",
      "Segments": [
        0,
        0,
        0,
        3,
        0
      ]
    },
    {
      "Target": "Parameter",
      "Id": "Paramhand_L_01_009",
      "Segments": [
        0,
        0,
        0,
        3,
        0
      ]
    },
    {
      "Target": "Parameter",
      "Id": "Paramhand_L_01_010",
      "Segments": [
        0,
        0,
        0,
        3,
        0
      ]
    },
    {
      "Target": "Parameter",
      "Id": "Paramhand_L_01_014",
      "Segments": [
        0,
        0,
        0,
        3,
        0
      ]
    },
    {
      "Target": "Parameter",
      "Id": "Paramhand_L_01_015",
      "Segments": [
        0,
        0,
        0,
        3,
        0
      ]
    },
    {
      "Target": "Parameter",
      "Id": "Paramhand_L_01_020",
      "Segments": [
        0,
        0,
        0,
        3,
        0
      ]
    },
    {
      "Target": "Parameter",
      "Id": "ParamShoulder_L",
      "Segments": [
        0,
        0,
        0,
        3,
        0
      ]
    },
    {
      "Target": "Parameter",
      "Id": "ParamBreath",
      "Segments": [
        0,
        0,
        0,
        3,
        0
      ]
    },
    {
      "Target": "Parameter",
      "Id": "ParamHairFront_01",
      "Segments": [
        0,
        0,
        0,
        3,
        0
      ]
    },
    {
      "Target": "Parameter",
      "Id": "ParamHairFront_02",
      "Segments": [
        0,
        0,
        0,
        3,
        0
      ]
    },
    {
      "Target": "Parameter",
      "Id": "ParamHairSide_01",
      "Segments": [
        0,
        0,
        0,
        3,
        0
      ]
    },
    {
      "Target": "Parameter",
      "Id": "ParamHairSide_02",
      "Segments": [
        0,
        0,
        0,
        3,
        0
      ]
    },
    {
      "Target": "Parameter",
      "Id": "ParamHairBack_01",
      "Segments": [
        0,
        0,
        0,
        3,
        0
      ]
    },
    {
      "Target": "Parameter",
      "Id": "ParamHairBack_02",
      "Segments": [
        0,
        0,
        0,
        3,
        0
      ]
    },
    {
      "Target": "Parameter",
      "Id": "ParamClothparts_006",
      "Segments": [
        0,
        0,
        0,
        3,
        0
      ]
    },
    {
      "Target": "Parameter",
      "Id": "ParamClothparts_007",
      "Segments": [
        0,
        0,
        0,
        3,
        0
      ]
    },
    {
      "Target": "Parameter",
      "Id": "Param",
      "Segments": [
        0,
        0,
        0,
        3,
        0
      ]
    },
    {
      "Target": "Parameter",
      "Id": "ParamClothparts_002",
      "Segments": [
        0,
        0,
        0,
        3,
        0
      ]
    },
    {
      "Target": "Parameter",
      "Id": "ParamClothparts_003",
      "Segments": [
        0,
        0,
        0,
        3,
        0
      ]
    },
    {
      "Target": "Parameter",
      "Id": "ParamClothparts_004",
      "Segments": [
        0,
        0,
        0,
        3,
        0
      ]
    },
    {
      "Target": "Parameter",
      "Id": "ParamClothparts_005",
      "Segments": [
        0,
        0,
        0,
        3,
        0
      ]
    },
    {
      "Target": "Parameter",
      "Id": "ParamSkirt_002",
      "Segments": [
        0,
        0,
        0,
        3,
        0
      ]
    },
    {
      "Target": "Parameter",
      "Id": "ParamSkirt_001",
      "Segments": [
        0,
        0,
        0,
        3,
        0
      ]
    },
    {
      "Target": "Parameter",
      "Id": "ParamModelSize",
      "Segments": [
        0,
        1,
        0,
        3,
        1
      ]
    }
  ],
  "UserData": [
    {
      "Time": 0.0,
      "Value": ""
    }
  ]
}