{
  "Version": 3,
  "Meta": {
    "Duration": 3.0,
    "Fps": 60.0,
    "Loop": true,
    "AreBeziersRestricted": true,
    "CurveCount": 91,
    "TotalSegmentCount": 166,
    "TotalPointCount": 202,
    "UserDataCount": 1,
    "TotalUserDataSize": 0
  },
  "Curves": [
    {
      "Target": "Parameter",
      "Id": "ParamAngleX",
      "Segments": [
        0,
        -15,
        0,
        0.533,
        -30,
        0,
        1.6,
        -19,
        2,
        3,
        -19
      ]
    },
    {
      "Target": "Parameter",
      "Id": "ParamAngleY",
      "Segments": [
        0,
        -20,
        1,
        0.178,
        -20,
        0.355,
        -20.737,
        0.533,
        -18,
        1,
        0.889,
        -12.526,
        1.244,
        0,
        1.6,
        0,
        2,
        3,
        0
      ]
    },
    {
      "Target": "Parameter",
      "Id": "ParamAngleZ",
      "Segments": [
        0,
        0,
        1,
        0.178,
        0,
        0.355,
        -5.329,
        0.533,
        -9,
        1,
        0.711,
        -12.671,
        0.889,
        -13,
        1.067,
        -13,
        2,
        3,
        -13
      ]
    },
    {
      "Target": "Parameter",
      "Id": "ParamEyeROpen",
      "Segments": [
        0,
        0.9,
        1,
        0.106,
        0.9,
        0.211,
        0.887,
        0.317,
        0.75,
        1,
        0.361,
        0.692,
        0.406,
        -0,
        0.45,
        0,
        2,
        1.2,
        0,
        0,
        1.433,
        0.75,
        2,
        3,
        0.75
      ]
    },
    {
      "Target": "Parameter",
      "Id": "ParamEyeLOpen",
      "Segments": [
        0,
        0.9,
        1,
        0.106,
        0.9,
        0.211,
        0.887,
        0.317,
        0.75,
        1,
        0.361,
        0.692,
        0.406,
        -0,
        0.45,
        0,
        2,
        1.2,
        0,
        0,
        1.433,
        0.75,
        2,
        3,
        0.75
      ]
    },
    {
      "Target": "Parameter",
      "Id": "ParamEyeBallX",
      "Segments": [
        0,
        0.3,
        1,
        0.106,
        0.3,
        0.211,
        0.067,
        0.317,
        0,
        1,
        0.689,
        -0.238,
        1.061,
        -0.3,
        1.433,
        -0.3,
        2,
        3,
        -0.3
      ]
    },
    {
      "Target": "Parameter",
      "Id": "ParamEyeBallY",
      "Segments": [
        0,
        0,
        1,
        0.106,
        0,
        0.211,
        -0.737,
        0.317,
        -0.8,
        1,
        0.611,
        -0.975,
        0.906,
        -1,
        1.2,
        -1,
        2,
        1.433,
        -1,
        2,
        3,
        -1
      ]
    },
    {
      "Target": "Parameter",
      "Id": "ParamEyeScale",
      "Segments": [
        0,
        0,
        0,
        1.433,
        0.1,
        2,
        3,
        0.1
      ]
    },
    {
      "Target": "Parameter",
      "Id": "ParamEyeBTwinkle",
      "Segments": [
        0,
        0,
        0,
        1.533,
        1,
        0,
        1.7,
        0,
        0,
        1.867,
        1,
        0,
        2.033,
        0,
        2,
        3,
        0
      ]
    },
    {
      "Target": "Parameter",
      "Id": "ParamBrowLY",
      "Segments": [
        0,
        0,
        0,
        0.45,
        -0.4,
        2,
        1.167,
        -0.4,
        0,
        1.433,
        0,
        2,
        3,
        0
      ]
    },
    {
      "Target": "Parameter",
      "Id": "ParamBrowRY",
      "Segments": [
        0,
        0,
        0,
        0.45,
        -0.5,
        2,
        1.167,
        -0.5,
        0,
        1.433,
        0,
        2,
        3,
        0
      ]
    },
    {
      "Target": "Parameter",
      "Id": "ParamBrowLAngle",
      "Segments": [
        0,
        -0.1,
        2,
        0.317,
        -0.1,
        0,
        0.45,
        0.18,
        2,
        1.167,
        0.18,
        0,
        1.433,
        0,
        2,
        3,
        0
      ]
    },
    {
      "Target": "Parameter",
      "Id": "ParamBrowRAngle",
      "Segments": [
        0,
        -0.1,
        2,
        0.317,
        -0.1,
        0,
        0.45,
        0.094,
        2,
        1.167,
        0.094,
        0,
        1.433,
        0.008,
        2,
        3,
        0.008
      ]
    },
    {
      "Target": "Parameter",
      "Id": "ParamBrowLForm",
      "Segments": [
        0,
        1.7,
        2,
        0.317,
        1.7,
        0,
        0.45,
        1.6,
        2,
        1.167,
        1.6,
        2,
        1.433,
        1.6,
        2,
        3,
        1.6
      ]
    },
    {
      "Target": "Parameter",
      "Id": "ParamBrowRForm",
      "Segments": [
        0,
        1.5,
        2,
        0.317,
        1.5,
        0,
        0.45,
        2,
        2,
        1.167,
        2,
        0,
        1.433,
        1.6,
        2,
        3,
        1.6
      ]
    },
    {
      "Target": "Parameter",
      "Id": "ParamArm_R_01_001",
      "Segments": [
        0,
        -4,
        0,
        0.683,
        -6,
        2,
        1.067,
        -6,
        0,
        1.433,
        0,
        2,
        3,
        0
      ]
    },
    {
      "Target": "Parameter",
      "Id": "ParamArm_R_01_002",
      "Segments": [
        0,
        120,
        1,
        0.144,
        120,
        0.289,
        159.52,
        0.433,
        181,
        1,
        0.516,
        193.392,
        0.6,
        192,
        0.683,
        192,
        2,
        1.067,
        192,
        1,
        1.211,
        192,
        1.356,
        173.584,
        1.5,
        162.344,
        1,
        1.6,
        154.563,
        1.7,
        154.751,
        1.8,
        154.751,
        2,
        3,
        154.751
      ]
    },
    {
      "Target": "Parameter",
      "Id": "ParamArm_R_01_003",
      "Segments": [
        0,
        -0.1,
        0,
        0.717,
        -0.3,
        1,
        0.834,
        -0.3,
        0.95,
        0.087,
        1.067,
        0.286,
        1,
        1.278,
        0.645,
        1.489,
        0.71,
        1.7,
        0.71,
        2,
        3,
        0.71
      ]
    },
    {
      "Target": "Parameter",
      "Id": "ParamArm_R_01_005",
      "Segments": [
        0,
        0,
        0,
        0.683,
        -0.5,
        2,
        1.067,
        -0.5,
        2,
        3,
        -0.5
      ]
    },
    {
      "Target": "Parameter",
      "Id": "ParamArm_R_01_004",
      "Segments": [
        0,
        -1,
        0,
        0.433,
        -0.3,
        2,
        3,
        -0.3
      ]
    },
    {
      "Target": "Parameter",
      "Id": "ParamArm_L_01_001",
      "Segments": [
        0,
        0,
        0,
        0.7,
        3,
        2,
        3,
        3
      ]
    },
    {
      "Target": "Parameter",
      "Id": "ParamArm_L_01_002",
      "Segments": [
        0,
        0,
        0,
        0.7,
        -8.91,
        2,
        3,
        -8.91
      ]
    },
    {
      "Target": "Parameter",
      "Id": "ParamShoulder_R",
      "Segments": [
        0,
        0,
        0,
        0.5,
        1,
        0,
        1.7,
        0,
        2,
        3,
        0
      ]
    },
    {
      "Target": "Parameter",
      "Id": "ParamShoulder_L",
      "Segments": [
        0,
        0,
        0,
        0.683,
        0.5,
        0,
        1.7,
        0,
        2,
        3,
        0
      ]
    },
    {
      "Target": "Parameter",
      "Id": "ParamBodyAngleX",
      "Segments": [
        0,
        0,
        0,
        0.5,
        -10,
        2,
        0.833,
        -10,
        0,
        1.667,
        0,
        2,
        3,
        0
      ]
    },
    {
      "Target": "Parameter",
      "Id": "ParamBodyAngleZ",
      "Segments": [
        0,
        0,
        0,
        0.533,
        5,
        0,
        1.733,
        -4,
        2,
        3,
        -4
      ]
    },
    {
      "Target": "Parameter",
      "Id": "Param_Position_Y",
      "Segments": [
        0,
        0,
        0,
        1.733,
        -3,
        2,
        3,
        -3
      ]
    },
    {
      "Target": "Parameter",
      "Id": "Param_Position_Z",
      "Segments": [
        0,
        0,
        0,
        0.533,
        -5,
        0,
        1.733,
        4,
        2,
        3,
        4
      ]
    },
    {
      "Target": "Parameter",
      "Id": "ParamEyeRSmile",
      "Segments": [
        0,
        0,
        0,
        3,
        0
      ]
    },
    {
      "Target": "Parameter",
      "Id": "ParamEyeLSmile",
      "Segments": [
        0,
        0,
        0,
        3,
        0
      ]
    },
    {
      "Target": "Parameter",
      "Id": "ParamEyeLLine",
      "Segments": [
        0,
        0,
        0,
        3,
        0
      ]
    },
    {
      "Target": "Parameter",
      "Id": "ParamEyeRLine",
      "Segments": [
        0,
        0,
        0,
        3,
        0
      ]
    },
    {
      "Target": "Parameter",
      "Id": "ParamEyeRForm",
      "Segments": [
        0,
        0,
        0,
        3,
        0
      ]
    },
    {
      "Target": "Parameter",
      "Id": "ParamEyeLForm",
      "Segments": [
        0,
        0,
        0,
        3,
        0
      ]
    },
    {
      "Target": "Parameter",
      "Id": "ParamEyeHighLight",
      "Segments": [
        0,
        1,
        0,
        3,
        1
      ]
    },
    {
      "Target": "Parameter",
      "Id": "ParamEyeBKira",
      "Segments": [
        0,
        0,
        0,
        3,
        0
      ]
    },
    {
      "Target": "Parameter",
      "Id": "ParamTears",
      "Segments": [
        0,
        1,
        0,
        3,
        1
      ]
    },
    {
      "Target": "Parameter",
      "Id": "ParamBrowLX",
      "Segments": [
        0,
        0,
        0,
        3,
        0
      ]
    },
    {
      "Target": "Parameter",
      "Id": "ParamBrowRX",
      "Segments": [
        0,
        0,
        0,
        3,
        0
      ]
    },
    {
      "Target": "Parameter",
      "Id": "ParamMouthForm",
      "Segments": [
        0,
        -2,
        0,
        3,
        -2
      ]
    },
    {
      "Target": "Parameter",
      "Id": "ParamMouthOpenY",
      "Segments": [
        0,
        0,
        0,
        3,
        0
      ]
    },
    {
      "Target": "Parameter",
      "Id": "Paramtooth",
      "Segments": [
        0,
        0,
        0,
        3,
        0
      ]
    },
    {
      "Target": "Parameter",
      "Id": "ParamMouthHight",
      "Segments": [
        0,
        -0.7,
        0,
        3,
        -0.7
      ]
    },
    {
      "Target": "Parameter",
      "Id": "ParamMouthWidth",
      "Segments": [
        0,
        0,
        0,
        3,
        0
      ]
    },
    {
      "Target": "Parameter",
      "Id": "ParamCheek",
      "Segments": [
        0,
        0,
        0,
        3,
        0
      ]
    },
    {
      "Target": "Parameter",
      "Id": "ParamSweat_02",
      "Segments": [
        0,
        0,
        0,
        3,
        0
      ]
    },
    {
      "Target": "Parameter",
      "Id": "ParamSweat_01",
      "Segments": [
        0,
        0,
        0,
        3,
        0
      ]
    },
    {
      "Target": "Parameter",
      "Id": "ParamArm_R_Change_001",
      "Segments": [
        0,
        0,
        0,
        3,
        0
      ]
    },
    {
      "Target": "Parameter",
      "Id": "ParamArm_L_01_003",
      "Segments": [
        0,
        0,
        0,
        3,
        0
      ]
    },
    {
      "Target": "Parameter",
      "Id": "ParamArm_L_01_005",
      "Segments": [
        0,
        0,
        0,
        3,
        0
      ]
    },
    {
      "Target": "Parameter",
      "Id": "ParamArm_L_01_004",
      "Segments": [
        0,
        0,
        0,
        3,
        0
      ]
    },
    {
      "Target": "Parameter",
      "Id": "ParamArm_L_Change_001",
      "Segments": [
        0,
        0,
        0,
        3,
        0
      ]
    },
    {
      "Target": "Parameter",
      "Id": "Paramhand_R_01_001",
      "Segments": [
        0,
        0,
        0,
        3,
        0
      ]
    },
    {
      "Target": "Parameter",
      "Id": "Paramhand_R_01_005",
      "Segments": [
        0,
        1,
        0,
        3,
        1
      ]
    },
    {
      "Target": "Parameter",
      "Id": "Paramhand_R_01_006",
      "Segments": [
        0,
        0,
        0,
        3,
        0
      ]
    },
    {
      "Target": "Parameter",
      "Id": "Paramhand_R_01_007",
      "Segments": [
        0,
        0,
        0,
        3,
        0
      ]
    },
    {
      "Target": "Parameter",
      "Id": "Paramhand_R_01_008",
      "Segments": [
        0,
        0,
        0,
        3,
        0
      ]
    },
    {
      "Target": "Parameter",
      "Id": "Paramhand_R_01_009",
      "Segments": [
        0,
        0,
        0,
        3,
        0
      ]
    },
    {
      "Target": "Parameter",
      "Id": "Paramhand_R_01_010",
      "Segments": [
        0,
        0,
        0,
        3,
        0
      ]
    },
    {
      "Target": "Parameter",
      "Id": "Paramhand_R_01_014",
      "Segments": [
        0,
        0,
        0,
        3,
        0
      ]
    },
    {
      "Target": "Parameter",
      "Id": "Paramhand_R_01_015",
      "Segments": [
        0,
        0,
        0,
        3,
        0
      ]
    },
    {
      "Target": "Parameter",
      "Id": "Paramhand_R_01_020",
      "Segments": [
        0,
        0,
        0,
        3,
        0
      ]
    },
    {
      "Target": "Parameter",
      "Id": "Paramhand_L_01_001",
      "Segments": [
        0,
        1,
        0,
        3,
        1
      ]
    },
    {
      "Target": "Parameter",
      "Id": "Paramhand_L_01_002",
      "Segments": [
        0,
        0,
        0,
        3,
        0
      ]
    },
    {
      "Target": "Parameter",
      "Id": "Paramhand_L_01_005",
      "Segments": [
        0,
        0,
        0,
        3,
        0
      ]
    },
    {
      "Target": "Parameter",
      "Id": "Paramhand_L_01_006",
      "Segments": [
        0,
        0,
        0,
        3,
        0
      ]
    },
    {
      "Target": "Parameter",
      "Id": "Paramhand_L_01_007",
      "Segments": [
        0,
        0,
        0,
        3,
        0
      ]
    },
    {
      "Target": "Parameter",
      "Id": "Paramhand_L_01_008",
      "Segments": [
        0,
        0,
        0,
        3,
        0
      ]
    },
    {
      "Target": "Parameter",
      "Id": "Paramhand_L_01_009",
      "Segments": [
        0,
        0,
        0,
        3,
        0
      ]
    },
    {
      "Target": "Parameter",
      "Id": "Paramhand_L_01_010",
      "Segments": [
        0,
        0,
        0,
        3,
        0
      ]
    },
    {
      "Target": "Parameter",
      "Id": "Paramhand_L_01_014",
      "Segments": [
        0,
        0,
        0,
        3,
        0
      ]
    },
    {
      "Target": "Parameter",
      "Id": "Paramhand_L_01_015",
      "Segments": [
        0,
        0,
        0,
        3,
        0
      ]
    },
    {
      "Target": "Parameter",
      "Id": "Paramhand_L_01_020",
      "Segments": [
        0,
        0,
        0,
        3,
        0
      ]
    },
    {
      "Target": "Parameter",
      "Id": "ParamBodyAngleY",
      "Segments": [
        0,
        -4,
        0,
        3,
        -4
      ]
    },
    {
      "Target": "Parameter",
      "Id": "ParamBreath",
      "Segments": [
        0,
        0,
        0,
        3,
        0
      ]
    },
    {
      "Target": "Parameter",
      "Id": "ParamHairFront_01",
      "Segments": [
        0,
        0,
        0,
        3,
        0
      ]
    },
    {
      "Target": "Parameter",
      "Id": "ParamHairFront_02",
      "Segments": [
        0,
        0,
        0,
        3,
        0
      ]
    },
    {
      "Target": "Parameter",
      "Id": "ParamHairSide_01",
      "Segments": [
        0,
        0,
        0,
        3,
        0
      ]
    },
    {
      "Target": "Parameter",
      "Id": "ParamHairSide_02",
      "Segments": [
        0,
        0,
        0,
        3,
        0
      ]
    },
    {
      "Target": "Parameter",
      "Id": "ParamHairBack_01",
      "Segments": [
        0,
        0,
        0,
        3,
        0
      ]
    },
    {
      "Target": "Parameter",
      "Id": "ParamHairBack_02",
      "Segments": [
        0,
        0,
        0,
        3,
        0
      ]
    },
    {
      "Target": "Parameter",
      "Id": "ParamClothparts_006",
      "Segments": [
        0,
        0,
        0,
        3,
        0
      ]
    },
    {
      "Target": "Parameter",
      "Id": "ParamClothparts_007",
      "Segments": [
        0,
        0,
        0,
        3,
        0
      ]
    },
    {
      "Target": "Parameter",
      "Id": "Param",
      "Segments": [
        0,
        0,
        0,
        3,
        0
      ]
    },
    {
      "Target": "Parameter",
      "Id": "ParamClothparts_002",
      "Segments": [
        0,
        0,
        0,
        3,
        0
      ]
    },
    {
      "Target": "Parameter",
      "Id": "ParamClothparts_003",
      "Segments": [
        0,
        0,
        0,
        3,
        0
      ]
    },
    {
      "Target": "Parameter",
      "Id": "ParamClothparts_004",
      "Segments": [
        0,
        0,
        0,
        3,
        0
      ]
    },
    {
      "Target": "Parameter",
      "Id": "ParamClothparts_005",
      "Segments": [
        0,
        0,
        0,
        3,
        0
      ]
    },
    {
      "Target": "Parameter",
      "Id": "ParamSkirt_002",
      "Segments": [
        0,
        0,
        0,
        3,
        0
      ]
    },
    {
      "Target": "Parameter",
      "Id": "ParamSkirt_001",
      "Segments": [
        0,
        0,
        0,
        3,
        0
      ]
    },
    {
      "Target": "Parameter",
      "Id": "ParamModelSize",
      "Segments": [
        0,
        1,
        0,
        3,
        1
      ]
    }
  ],
  "UserData": [
    {
      "Time": 0.0,
      "Value": ""
    }
  ]
}