{
  "m_GameObject": {
    "m_FileID": 0,
    "m_PathID": 0
  },
  "m_Enabled": 1,
  "m_Name": "E_angry.exp3",
  "Type": "Live2D Expression",
  "FadeInTime": 0.3,
  "FadeOutTime": 0.3,
  "Parameters": [
    {
      "Id": "ParamEyeLOpen",
      "Value": 0.9,
      "Blend": 2
    },
    {
      "Id": "ParamEyeLSmile",
      "Value": 0.0,
      "Blend": 1
    },
    {
      "Id": "ParamEyeROpen",
      "Value": 0.9,
      "Blend": 2
    },
    {
      "Id": "ParamEyeRSmile",
      "Value": 0.0,
      "Blend": 1
    },
    {
      "Id": "ParamEyeLLine",
      "Value": 0.0,
      "Blend": 1
    },
    {
      "Id": "ParamEyeRLine",
      "Value": 0.0,
      "Blend": 1
    },
    {
      "Id": "ParamEyeBallX",
      "Value": 0.0,
      "Blend": 1
    },
    {
      "Id": "ParamEyeBallY",
      "Value": 0.0,
      "Blend": 1
    },
    {
      "Id": "ParamEyeScale",
      "Value": 0.0,
      "Blend": 1
    },
    {
      "Id": "ParamEyeRForm",
      "Value": 0.0,
      "Blend": 1
    },
    {
      "Id": "ParamEyeLForm",
      "Value": 0.0,
      "Blend": 1
    },
    {
      "Id": "ParamEyeHighLight",
      "Value": 0.0,
      "Blend": 1
    },
    {
      "Id": "ParamTears",
      "Value": 0.0,
      "Blend": 1
    },
    {
      "Id": "ParamEyeBTwinkle",
      "Value": 0.0,
      "Blend": 1
    },
    {
      "Id": "ParamBrowLY",
      "Value": 0.0,
      "Blend": 1
    },
    {
      "Id": "ParamBrowRY",
      "Value": 0.0,
      "Blend": 1
    },
    {
      "Id": "ParamBrowLX",
      "Value": 0.2,
      "Blend": 1
    },
    {
      "Id": "ParamBrowRX",
      "Value": 0.2,
      "Blend": 1
    },
    {
      "Id": "ParamBrowLAngle",
      "Value": 1.0,
      "Blend": 1
    },
    {
      "Id": "ParamBrowRAngle",
      "Value": 1.0,
      "Blend": 1
    },
    {
      "Id": "ParamBrowLForm",
      "Value": 2.0,
      "Blend": 1
    },
    {
      "Id": "ParamBrowRForm",
      "Value": 2.0,
      "Blend": 1
    },
    {
      "Id": "ParamMouthForm",
      "Value": -2.0,
      "Blend": 1
    },
    {
      "Id": "ParamMouthOpenY",
      "Value": 0.0,
      "Blend": 1
    },
    {
      "Id": "Paramtooth",
      "Value": 0.0,
      "Blend": 1
    },
    {
      "Id": "ParamMouthHight",
      "Value": -1.0,
      "Blend": 1
    },
    {
      "Id": "ParamMouthWidth",
      "Value": 0.0,
      "Blend": 1
    },
    {
      "Id": "ParamCheek",
      "Value": 0.0,
      "Blend": 1
    },
    {
      "Id": "ParamSweat_02",
      "Value": 0.0,
      "Blend": 1
    },
    {
      "Id": "ParamSweat_01",
      "Value": 0.0,
      "Blend": 1
    }
  ]
}