{
  "Version": 3,
  "Meta": {
    "Duration": 3.5,
    "Fps": 60.0,
    "Loop": true,
    "AreBeziersRestricted": true,
    "CurveCount": 91,
    "TotalSegmentCount": 135,
    "TotalPointCount": 143,
    "UserDataCount": 1,
    "TotalUserDataSize": 0
  },
  "Curves": [
    {
      "Target": "Parameter",
      "Id": "ParamAngleY",
      "Segments": [
        0,
        0,
        0,
        0.433,
        7,
        0,
        0.7,
        -10,
        0,
        0.967,
        6.274,
        0,
        1.233,
        -4.727,
        0,
        1.467,
        2.798,
        0,
        1.967,
        0,
        2,
        3.5,
        0
      ]
    },
    {
      "Target": "Parameter",
      "Id": "ParamAngleZ",
      "Segments": [
        0,
        0,
        2,
        0.533,
        0,
        2,
        1.033,
        0,
        2,
        1.3,
        0,
        0,
        1.933,
        -8,
        2,
        3.5,
        -8
      ]
    },
    {
      "Target": "Parameter",
      "Id": "ParamEyeROpen",
      "Segments": [
        0,
        1,
        2,
        0.333,
        1,
        0,
        0.433,
        0,
        2,
        1.5,
        0,
        0,
        1.633,
        1,
        2,
        3.5,
        1
      ]
    },
    {
      "Target": "Parameter",
      "Id": "ParamEyeRSmile",
      "Segments": [
        0,
        1,
        2,
        1.633,
        1,
        0,
        1.717,
        0,
        2,
        3.5,
        0
      ]
    },
    {
      "Target": "Parameter",
      "Id": "ParamEyeLOpen",
      "Segments": [
        0,
        1,
        2,
        0.333,
        1,
        0,
        0.433,
        0,
        2,
        1.5,
        0,
        0,
        1.633,
        1,
        2,
        3.5,
        1
      ]
    },
    {
      "Target": "Parameter",
      "Id": "ParamEyeLSmile",
      "Segments": [
        0,
        1,
        2,
        1.633,
        1,
        0,
        1.717,
        0,
        2,
        3.5,
        0
      ]
    },
    {
      "Target": "Parameter",
      "Id": "ParamBrowLY",
      "Segments": [
        0,
        0,
        2,
        0.333,
        0,
        0,
        0.467,
        -0.4,
        2,
        1.5,
        -0.4,
        0,
        1.7,
        0,
        2,
        3.5,
        0
      ]
    },
    {
      "Target": "Parameter",
      "Id": "ParamBrowRY",
      "Segments": [
        0,
        0,
        2,
        0.333,
        0,
        0,
        0.467,
        -0.4,
        2,
        1.5,
        -0.4,
        0,
        1.7,
        0,
        2,
        3.5,
        0
      ]
    },
    {
      "Target": "Parameter",
      "Id": "ParamArm_R_01_001",
      "Segments": [
        0,
        -15,
        1,
        0.144,
        -15,
        0.289,
        -10.823,
        0.433,
        -7,
        1,
        0.511,
        -4.941,
        0.589,
        -4.95,
        0.667,
        -4.95,
        2,
        3.5,
        -4.95
      ]
    },
    {
      "Target": "Parameter",
      "Id": "ParamArm_R_01_002",
      "Segments": [
        0,
        90,
        0,
        0.433,
        160.5,
        0,
        0.667,
        152.94,
        2,
        3.5,
        152.94
      ]
    },
    {
      "Target": "Parameter",
      "Id": "ParamArm_R_01_003",
      "Segments": [
        0,
        0,
        1,
        0.144,
        0,
        0.289,
        0.135,
        0.433,
        0.3,
        1,
        0.511,
        0.389,
        0.589,
        0.4,
        0.667,
        0.4,
        2,
        3.5,
        0.4
      ]
    },
    {
      "Target": "Parameter",
      "Id": "ParamBodyAngleX",
      "Segments": [
        0,
        6,
        0,
        0.767,
        -6,
        2,
        3.5,
        -6
      ]
    },
    {
      "Target": "Parameter",
      "Id": "ParamBodyAngleY",
      "Segments": [
        0,
        0,
        0,
        1,
        2,
        2,
        3.5,
        2
      ]
    },
    {
      "Target": "Parameter",
      "Id": "ParamBodyAngleZ",
      "Segments": [
        0,
        0,
        0,
        1,
        3,
        2,
        3.5,
        3
      ]
    },
    {
      "Target": "Parameter",
      "Id": "Param_Position_Y",
      "Segments": [
        0,
        0,
        0,
        1.8,
        -2,
        2,
        3.5,
        -2
      ]
    },
    {
      "Target": "Parameter",
      "Id": "Param_Position_Z",
      "Segments": [
        0,
        0,
        0,
        1,
        -3,
        2,
        3.5,
        -3
      ]
    },
    {
      "Target": "Parameter",
      "Id": "ParamBreath",
      "Segments": [
        0,
        0,
        0,
        0.433,
        1,
        0,
        1.4,
        0,
        2,
        3.5,
        0
      ]
    },
    {
      "Target": "Parameter",
      "Id": "ParamAngleX",
      "Segments": [
        0,
        0,
        0,
        3.5,
        0
      ]
    },
    {
      "Target": "Parameter",
      "Id": "ParamEyeLLine",
      "Segments": [
        0,
        0,
        0,
        3.5,
        0
      ]
    },
    {
      "Target": "Parameter",
      "Id": "ParamEyeRLine",
      "Segments": [
        0,
        0,
        0,
        3.5,
        0
      ]
    },
    {
      "Target": "Parameter",
      "Id": "ParamEyeBallX",
      "Segments": [
        0,
        0,
        0,
        3.5,
        0
      ]
    },
    {
      "Target": "Parameter",
      "Id": "ParamEyeBallY",
      "Segments": [
        0,
        0,
        0,
        3.5,
        0
      ]
    },
    {
      "Target": "Parameter",
      "Id": "ParamEyeScale",
      "Segments": [
        0,
        0,
        0,
        3.5,
        0
      ]
    },
    {
      "Target": "Parameter",
      "Id": "ParamEyeRForm",
      "Segments": [
        0,
        0,
        0,
        3.5,
        0
      ]
    },
    {
      "Target": "Parameter",
      "Id": "ParamEyeLForm",
      "Segments": [
        0,
        0,
        0,
        3.5,
        0
      ]
    },
    {
      "Target": "Parameter",
      "Id": "ParamEyeHighLight",
      "Segments": [
        0,
        1,
        0,
        3.5,
        1
      ]
    },
    {
      "Target": "Parameter",
      "Id": "ParamEyeBKira",
      "Segments": [
        0,
        0,
        0,
        3.5,
        0
      ]
    },
    {
      "Target": "Parameter",
      "Id": "ParamTears",
      "Segments": [
        0,
        0,
        0,
        3.5,
        0
      ]
    },
    {
      "Target": "Parameter",
      "Id": "ParamEyeBTwinkle",
      "Segments": [
        0,
        0,
        0,
        3.5,
        0
      ]
    },
    {
      "Target": "Parameter",
      "Id": "ParamBrowLX",
      "Segments": [
        0,
        0,
        0,
        3.5,
        0
      ]
    },
    {
      "Target": "Parameter",
      "Id": "ParamBrowRX",
      "Segments": [
        0,
        0,
        0,
        3.5,
        0
      ]
    },
    {
      "Target": "Parameter",
      "Id": "ParamBrowLAngle",
      "Segments": [
        0,
        0,
        0,
        3.5,
        0
      ]
    },
    {
      "Target": "Parameter",
      "Id": "ParamBrowRAngle",
      "Segments": [
        0,
        0,
        0,
        3.5,
        0
      ]
    },
    {
      "Target": "Parameter",
      "Id": "ParamBrowLForm",
      "Segments": [
        0,
        0,
        0,
        3.5,
        0
      ]
    },
    {
      "Target": "Parameter",
      "Id": "ParamBrowRForm",
      "Segments": [
        0,
        0,
        0,
        3.5,
        0
      ]
    },
    {
      "Target": "Parameter",
      "Id": "ParamMouthForm",
      "Segments": [
        0,
        0.6,
        0,
        3.5,
        0.6
      ]
    },
    {
      "Target": "Parameter",
      "Id": "ParamMouthOpenY",
      "Segments": [
        0,
        0,
        0,
        3.5,
        0
      ]
    },
    {
      "Target": "Parameter",
      "Id": "Paramtooth",
      "Segments": [
        0,
        0,
        0,
        3.5,
        0
      ]
    },
    {
      "Target": "Parameter",
      "Id": "ParamMouthHight",
      "Segments": [
        0,
        0,
        0,
        3.5,
        0
      ]
    },
    {
      "Target": "Parameter",
      "Id": "ParamMouthWidth",
      "Segments": [
        0,
        -0.3,
        0,
        3.5,
        -0.3
      ]
    },
    {
      "Target": "Parameter",
      "Id": "ParamCheek",
      "Segments": [
        0,
        0,
        0,
        3.5,
        0
      ]
    },
    {
      "Target": "Parameter",
      "Id": "ParamSweat_02",
      "Segments": [
        0,
        0,
        0,
        3.5,
        0
      ]
    },
    {
      "Target": "Parameter",
      "Id": "ParamSweat_01",
      "Segments": [
        0,
        0,
        0,
        3.5,
        0
      ]
    },
    {
      "Target": "Parameter",
      "Id": "ParamArm_R_01_005",
      "Segments": [
        0,
        0,
        0,
        3.5,
        0
      ]
    },
    {
      "Target": "Parameter",
      "Id": "ParamArm_R_01_004",
      "Segments": [
        0,
        -1,
        0,
        3.5,
        -1
      ]
    },
    {
      "Target": "Parameter",
      "Id": "ParamArm_R_Change_001",
      "Segments": [
        0,
        0,
        0,
        3.5,
        0
      ]
    },
    {
      "Target": "Parameter",
      "Id": "ParamArm_L_01_001",
      "Segments": [
        0,
        0,
        0,
        3.5,
        0
      ]
    },
    {
      "Target": "Parameter",
      "Id": "ParamArm_L_01_002",
      "Segments": [
        0,
        0,
        0,
        3.5,
        0
      ]
    },
    {
      "Target": "Parameter",
      "Id": "ParamArm_L_01_003",
      "Segments": [
        0,
        0,
        0,
        3.5,
        0
      ]
    },
    {
      "Target": "Parameter",
      "Id": "ParamArm_L_01_005",
      "Segments": [
        0,
        0,
        0,
        3.5,
        0
      ]
    },
    {
      "Target": "Parameter",
      "Id": "ParamArm_L_01_004",
      "Segments": [
        0,
        0,
        0,
        3.5,
        0
      ]
    },
    {
      "Target": "Parameter",
      "Id": "ParamArm_L_Change_001",
      "Segments": [
        0,
        0,
        0,
        3.5,
        0
      ]
    },
    {
      "Target": "Parameter",
      "Id": "Paramhand_R_01_001",
      "Segments": [
        0,
        0,
        0,
        3.5,
        0
      ]
    },
    {
      "Target": "Parameter",
      "Id": "Paramhand_R_01_005",
      "Segments": [
        0,
        0,
        0,
        3.5,
        0
      ]
    },
    {
      "Target": "Parameter",
      "Id": "Paramhand_R_01_006",
      "Segments": [
        0,
        0,
        0,
        3.5,
        0
      ]
    },
    {
      "Target": "Parameter",
      "Id": "Paramhand_R_01_007",
      "Segments": [
        0,
        0,
        0,
        3.5,
        0
      ]
    },
    {
      "Target": "Parameter",
      "Id": "Paramhand_R_01_008",
      "Segments": [
        0,
        1,
        0,
        3.5,
        1
      ]
    },
    {
      "Target": "Parameter",
      "Id": "Paramhand_R_01_009",
      "Segments": [
        0,
        0,
        0,
        3.5,
        0
      ]
    },
    {
      "Target": "Parameter",
      "Id": "Paramhand_R_01_010",
      "Segments": [
        0,
        0,
        0,
        3.5,
        0
      ]
    },
    {
      "Target": "Parameter",
      "Id": "Paramhand_R_01_014",
      "Segments": [
        0,
        0,
        0,
        3.5,
        0
      ]
    },
    {
      "Target": "Parameter",
      "Id": "Paramhand_R_01_015",
      "Segments": [
        0,
        0,
        0,
        3.5,
        0
      ]
    },
    {
      "Target": "Parameter",
      "Id": "Paramhand_R_01_020",
      "Segments": [
        0,
        0,
        0,
        3.5,
        0
      ]
    },
    {
      "Target": "Parameter",
      "Id": "Paramhand_L_01_001",
      "Segments": [
        0,
        1,
        0,
        3.5,
        1
      ]
    },
    {
      "Target": "Parameter",
      "Id": "Paramhand_L_01_002",
      "Segments": [
        0,
        0,
        0,
        3.5,
        0
      ]
    },
    {
      "Target": "Parameter",
      "Id": "Paramhand_L_01_005",
      "Segments": [
        0,
        0,
        0,
        3.5,
        0
      ]
    },
    {
      "Target": "Parameter",
      "Id": "Paramhand_L_01_006",
      "Segments": [
        0,
        0,
        0,
        3.5,
        0
      ]
    },
    {
      "Target": "Parameter",
      "Id": "Paramhand_L_01_007",
      "Segments": [
        0,
        0,
        0,
        3.5,
        0
      ]
    },
    {
      "Target": "Parameter",
      "Id": "Paramhand_L_01_008",
      "Segments": [
        0,
        0,
        0,
        3.5,
        0
      ]
    },
    {
      "Target": "Parameter",
      "Id": "Paramhand_L_01_009",
      "Segments": [
        0,
        0,
        0,
        3.5,
        0
      ]
    },
    {
      "Target": "Parameter",
      "Id": "Paramhand_L_01_010",
      "Segments": [
        0,
        0,
        0,
        3.5,
        0
      ]
    },
    {
      "Target": "Parameter",
      "Id": "Paramhand_L_01_014",
      "Segments": [
        0,
        0,
        0,
        3.5,
        0
      ]
    },
    {
      "Target": "Parameter",
      "Id": "Paramhand_L_01_015",
      "Segments": [
        0,
        0,
        0,
        3.5,
        0
      ]
    },
    {
      "Target": "Parameter",
      "Id": "Paramhand_L_01_020",
      "Segments": [
        0,
        0,
        0,
        3.5,
        0
      ]
    },
    {
      "Target": "Parameter",
      "Id": "ParamShoulder_R",
      "Segments": [
        0,
        0,
        0,
        3.5,
        0
      ]
    },
    {
      "Target": "Parameter",
      "Id": "ParamShoulder_L",
      "Segments": [
        0,
        0,
        0,
        3.5,
        0
      ]
    },
    {
      "Target": "Parameter",
      "Id": "ParamHairFront_01",
      "Segments": [
        0,
        0,
        0,
        3.5,
        0
      ]
    },
    {
      "Target": "Parameter",
      "Id": "ParamHairFront_02",
      "Segments": [
        0,
        0,
        0,
        3.5,
        0
      ]
    },
    {
      "Target": "Parameter",
      "Id": "ParamHairSide_01",
      "Segments": [
        0,
        0,
        0,
        3.5,
        0
      ]
    },
    {
      "Target": "Parameter",
      "Id": "ParamHairSide_02",
      "Segments": [
        0,
        0,
        0,
        3.5,
        0
      ]
    },
    {
      "Target": "Parameter",
      "Id": "ParamHairBack_01",
      "Segments": [
        0,
        0,
        0,
        3.5,
        0
      ]
    },
    {
      "Target": "Parameter",
      "Id": "ParamHairBack_02",
      "Segments": [
        0,
        0,
        0,
        3.5,
        0
      ]
    },
    {
      "Target": "Parameter",
      "Id": "ParamClothparts_006",
      "Segments": [
        0,
        0,
        0,
        3.5,
        0
      ]
    },
    {
      "Target": "Parameter",
      "Id": "ParamClothparts_007",
      "Segments": [
        0,
        0,
        0,
        3.5,
        0
      ]
    },
    {
      "Target": "Parameter",
      "Id": "Param",
      "Segments": [
        0,
        0,
        0,
        3.5,
        0
      ]
    },
    {
      "Target": "Parameter",
      "Id": "ParamClothparts_002",
      "Segments": [
        0,
        0,
        0,
        3.5,
        0
      ]
    },
    {
      "Target": "Parameter",
      "Id": "ParamClothparts_003",
      "Segments": [
        0,
        0,
        0,
        3.5,
        0
      ]
    },
    {
      "Target": "Parameter",
      "Id": "ParamClothparts_004",
      "Segments": [
        0,
        0,
        0,
        3.5,
        0
      ]
    },
    {
      "Target": "Parameter",
      "Id": "ParamClothparts_005",
      "Segments": [
        0,
        0,
        0,
        3.5,
        0
      ]
    },
    {
      "Target": "Parameter",
      "Id": "ParamSkirt_002",
      "Segments": [
        0,
        0,
        0,
        3.5,
        0
      ]
    },
    {
      "Target": "Parameter",
      "Id": "ParamSkirt_001",
      "Segments": [
        0,
        0,
        0,
        3.5,
        0
      ]
    },
    {
      "Target": "Parameter",
      "Id": "ParamModelSize",
      "Segments": [
        0,
        1,
        0,
        3.5,
        1
      ]
    }
  ],
  "UserData": [
    {
      "Time": 0.0,
      "Value": ""
    }
  ]
}