{
  "Version": 3,
  "Meta": {
    "Duration": 15.0,
    "Fps": 60.0,
    "Loop": true,
    "AreBeziersRestricted": true,
    "CurveCount": 89,
    "TotalSegmentCount": 330,
    "TotalPointCount": 342,
    "UserDataCount": 1,
    "TotalUserDataSize": 0
  },
  "Curves": [
    {
      "Target": "Parameter",
      "Id": "ParamAngleX",
      "Segments": [
        0,
        -7,
        2,
        0.733,
        -7,
        1,
        0.944,
        -7,
        1.156,
        -7.264,
        1.367,
        -5,
        1,
        1.578,
        -2.736,
        1.789,
        7,
        2,
        7,
        2,
        3.5,
        7,
        2,
        6.433,
        7,
        2,
        8.5,
        7,
        0,
        9.1,
        8.062,
        0,
        10.133,
        -7,
        2,
        15,
        -7
      ]
    },
    {
      "Target": "Parameter",
      "Id": "ParamAngleY",
      "Segments": [
        0,
        0,
        0,
        0.767,
        -1.244,
        0,
        1.167,
        -0.038,
        0,
        1.667,
        -5.244,
        0,
        2.067,
        -1.244,
        2,
        3.5,
        -1.244,
        2,
        6.433,
        -1.244,
        2,
        8.567,
        -1.244,
        0,
        9.1,
        -0.499,
        0,
        9.967,
        -2.801,
        0,
        10.7,
        0,
        0,
        12.133,
        -1.244,
        0,
        12.6,
        0,
        2,
        15,
        0
      ]
    },
    {
      "Target": "Parameter",
      "Id": "ParamAngleZ",
      "Segments": [
        0,
        0,
        0,
        0.9,
        -1.221,
        0,
        2,
        9,
        0,
        2.633,
        8.55,
        2,
        3.5,
        8.55,
        2,
        6.433,
        8.55,
        2,
        7.333,
        8.55,
        0,
        8.533,
        9,
        0,
        9.6,
        -0.673,
        0,
        10.467,
        0,
        2,
        15,
        0
      ]
    },
    {
      "Target": "Parameter",
      "Id": "ParamEyeROpen",
      "Segments": [
        0,
        1,
        2,
        1.433,
        1,
        0,
        1.533,
        0,
        2,
        1.7,
        0,
        0,
        1.8,
        1,
        2,
        1.933,
        1,
        2,
        3.5,
        1,
        2,
        4.867,
        1,
        0,
        4.967,
        0,
        2,
        5.133,
        0,
        0,
        5.233,
        1,
        2,
        6.433,
        1,
        2,
        8.433,
        1,
        2,
        9.167,
        1,
        0,
        9.267,
        0,
        2,
        9.433,
        0,
        0,
        9.533,
        1,
        2,
        10.133,
        1,
        2,
        12.967,
        1,
        0,
        13.067,
        0,
        2,
        13.233,
        0,
        0,
        13.333,
        1,
        2,
        15,
        1
      ]
    },
    {
      "Target": "Parameter",
      "Id": "ParamEyeLOpen",
      "Segments": [
        0,
        1,
        2,
        1.433,
        1,
        0,
        1.533,
        0,
        2,
        1.7,
        0,
        0,
        1.8,
        1,
        2,
        1.933,
        1,
        2,
        3.5,
        1,
        2,
        4.867,
        1,
        0,
        4.967,
        0,
        2,
        5.133,
        0,
        0,
        5.233,
        1,
        2,
        6.433,
        1,
        2,
        8.433,
        1,
        2,
        9.167,
        1,
        0,
        9.267,
        0,
        2,
        9.433,
        0,
        0,
        9.533,
        1,
        2,
        10.133,
        1,
        2,
        12.967,
        1,
        0,
        13.067,
        0,
        2,
        13.233,
        0,
        0,
        13.333,
        1,
        2,
        15,
        1
      ]
    },
    {
      "Target": "Parameter",
      "Id": "ParamEyeBallX",
      "Segments": [
        0,
        0.2,
        1,
        0.456,
        0.2,
        0.911,
        0.189,
        1.367,
        0.1,
        1,
        1.556,
        0.063,
        1.744,
        -0.2,
        1.933,
        -0.2,
        2,
        3.5,
        -0.2,
        2,
        6.433,
        -0.2,
        2,
        8.433,
        -0.2,
        2,
        9.233,
        -0.2,
        1,
        9.333,
        -0.2,
        9.433,
        -0.183,
        9.533,
        -0.1,
        1,
        9.744,
        0.076,
        9.956,
        0.2,
        10.167,
        0.2,
        2,
        15,
        0.2
      ]
    },
    {
      "Target": "Parameter",
      "Id": "ParamEyeBallY",
      "Segments": [
        0,
        -0.1,
        0,
        1.367,
        0,
        0,
        1.933,
        -0.2,
        2,
        3.5,
        -0.2,
        2,
        6.433,
        -0.2,
        2,
        8.433,
        -0.2,
        2,
        9.233,
        -0.2,
        2,
        9.533,
        -0.2,
        0,
        10.167,
        -0.1,
        2,
        15,
        -0.1
      ]
    },
    {
      "Target": "Parameter",
      "Id": "ParamBrowLY",
      "Segments": [
        0,
        0,
        2,
        1.433,
        0,
        0,
        1.533,
        -0.3,
        2,
        1.7,
        -0.3,
        0,
        1.8,
        0,
        2,
        1.933,
        0,
        2,
        3.5,
        0,
        2,
        4.867,
        0,
        0,
        5,
        -0.025,
        2,
        5.133,
        -0.025,
        0,
        5.267,
        0,
        2,
        6.433,
        0,
        2,
        8.433,
        0,
        2,
        9.167,
        0,
        0,
        9.267,
        -0.3,
        2,
        9.433,
        -0.3,
        0,
        9.533,
        0,
        2,
        10.133,
        0,
        2,
        12.967,
        0,
        0,
        13.1,
        -0.025,
        2,
        13.233,
        -0.025,
        0,
        13.367,
        0,
        2,
        15,
        0
      ]
    },
    {
      "Target": "Parameter",
      "Id": "ParamBrowRY",
      "Segments": [
        0,
        0,
        2,
        1.433,
        0,
        0,
        1.533,
        -0.3,
        2,
        1.7,
        -0.3,
        0,
        1.8,
        0,
        2,
        1.933,
        0,
        2,
        3.5,
        0,
        2,
        4.867,
        0,
        0,
        5,
        -0.025,
        2,
        5.133,
        -0.025,
        0,
        5.267,
        0,
        2,
        6.433,
        0,
        2,
        8.433,
        0,
        2,
        9.167,
        0,
        0,
        9.267,
        -0.3,
        2,
        9.433,
        -0.3,
        0,
        9.533,
        0,
        2,
        10.133,
        0,
        2,
        12.967,
        0,
        0,
        13.1,
        -0.025,
        2,
        13.233,
        -0.025,
        0,
        13.367,
        0,
        2,
        15,
        0
      ]
    },
    {
      "Target": "Parameter",
      "Id": "ParamBrowLAngle",
      "Segments": [
        0,
        0,
        2,
        1.933,
        0,
        2,
        3.5,
        0,
        2,
        4.867,
        0,
        0,
        5,
        0.025,
        2,
        5.133,
        0.025,
        0,
        5.267,
        0,
        2,
        6.433,
        0,
        2,
        8.433,
        0,
        2,
        10.133,
        0,
        2,
        12.967,
        0,
        0,
        13.1,
        0.025,
        2,
        13.233,
        0.025,
        0,
        13.367,
        0,
        2,
        15,
        0
      ]
    },
    {
      "Target": "Parameter",
      "Id": "ParamBrowRAngle",
      "Segments": [
        0,
        0,
        2,
        1.933,
        0,
        2,
        3.5,
        0,
        2,
        4.867,
        0,
        0,
        5,
        0.025,
        2,
        5.133,
        0.025,
        0,
        5.267,
        0,
        2,
        6.433,
        0,
        2,
        8.433,
        0,
        2,
        10.133,
        0,
        2,
        12.967,
        0,
        0,
        13.1,
        0.025,
        2,
        13.233,
        0.025,
        0,
        13.367,
        0,
        2,
        15,
        0
      ]
    },
    {
      "Target": "Parameter",
      "Id": "ParamBrowLForm",
      "Segments": [
        0,
        0,
        2,
        1.933,
        0,
        2,
        3.5,
        0,
        2,
        4.867,
        0,
        0,
        5,
        0.05,
        2,
        5.133,
        0.05,
        0,
        5.267,
        0,
        2,
        6.433,
        0,
        2,
        8.433,
        0,
        2,
        10.133,
        0,
        2,
        12.967,
        0,
        0,
        13.1,
        0.05,
        2,
        13.233,
        0.05,
        0,
        13.367,
        0,
        2,
        15,
        0
      ]
    },
    {
      "Target": "Parameter",
      "Id": "ParamBrowRForm",
      "Segments": [
        0,
        0,
        2,
        1.933,
        0,
        2,
        3.5,
        0,
        2,
        4.867,
        0,
        0,
        5,
        0.05,
        2,
        5.133,
        0.05,
        0,
        5.267,
        0,
        2,
        6.433,
        0,
        2,
        8.433,
        0,
        2,
        10.133,
        0,
        2,
        12.967,
        0,
        0,
        13.1,
        0.05,
        2,
        13.233,
        0.05,
        0,
        13.367,
        0,
        2,
        15,
        0
      ]
    },
    {
      "Target": "Parameter",
      "Id": "ParamArm_R_01_001",
      "Segments": [
        0,
        2,
        0,
        1.95,
        5,
        2,
        8.267,
        5,
        0,
        10.133,
        2,
        2,
        15,
        2
      ]
    },
    {
      "Target": "Parameter",
      "Id": "ParamArm_R_01_002",
      "Segments": [
        0,
        33.07,
        0,
        1.95,
        34.15,
        2,
        8.267,
        34.15,
        0,
        10.133,
        33.07,
        2,
        15,
        33.07
      ]
    },
    {
      "Target": "Parameter",
      "Id": "ParamArm_R_01_003",
      "Segments": [
        0,
        0.6,
        0,
        0.883,
        0.524,
        0,
        1.95,
        0.6,
        2,
        8.267,
        0.6,
        0,
        9.25,
        0.524,
        0,
        10.133,
        0.6,
        2,
        15,
        0.6
      ]
    },
    {
      "Target": "Parameter",
      "Id": "ParamArm_L_01_001",
      "Segments": [
        0,
        5,
        0,
        1.95,
        0,
        2,
        8.267,
        0,
        0,
        10.133,
        5,
        2,
        15,
        5
      ]
    },
    {
      "Target": "Parameter",
      "Id": "ParamArm_L_01_002",
      "Segments": [
        0,
        30.48,
        0,
        1.95,
        33.99,
        2,
        8.267,
        33.99,
        0,
        10.133,
        30.48,
        2,
        15,
        30.48
      ]
    },
    {
      "Target": "Parameter",
      "Id": "ParamShoulder_R",
      "Segments": [
        0,
        0,
        0,
        1.967,
        0.2,
        2,
        8.267,
        0.2,
        0,
        10.15,
        0,
        2,
        15,
        0
      ]
    },
    {
      "Target": "Parameter",
      "Id": "ParamShoulder_L",
      "Segments": [
        0,
        0,
        0,
        1.967,
        -0.5,
        2,
        8.267,
        -0.5,
        0,
        10.15,
        0,
        2,
        15,
        0
      ]
    },
    {
      "Target": "Parameter",
      "Id": "ParamBodyAngleX",
      "Segments": [
        0,
        -4,
        0,
        1.967,
        6,
        2,
        3.5,
        6,
        2,
        6.433,
        6,
        2,
        8.267,
        6,
        0,
        10.15,
        -4,
        2,
        15,
        -4
      ]
    },
    {
      "Target": "Parameter",
      "Id": "ParamBodyAngleY",
      "Segments": [
        0,
        0,
        0,
        0.667,
        0.621,
        0,
        1.367,
        -0.682,
        0,
        1.967,
        0,
        2,
        3.5,
        0,
        2,
        6.433,
        0,
        2,
        8.267,
        0,
        0,
        9.033,
        1,
        0,
        9.6,
        -0.743,
        0,
        10.167,
        0,
        2,
        15,
        0
      ]
    },
    {
      "Target": "Parameter",
      "Id": "ParamBodyAngleZ",
      "Segments": [
        0,
        -1,
        0,
        1.967,
        0,
        2,
        3.5,
        0,
        2,
        6.433,
        0,
        0,
        8.267,
        0.021,
        0,
        10.15,
        -1,
        2,
        15,
        -1
      ]
    },
    {
      "Target": "Parameter",
      "Id": "Param_Position_Y",
      "Segments": [
        0,
        0,
        0,
        0.667,
        0.656,
        0,
        1.367,
        -0.682,
        0,
        1.967,
        0,
        0,
        3.367,
        -0.415,
        2,
        3.9,
        -0.415,
        0,
        4.367,
        0,
        0,
        4.967,
        -0.716,
        0,
        6.3,
        0,
        2,
        8.267,
        0,
        0,
        9.033,
        1,
        0,
        9.6,
        -0.743,
        0,
        10.15,
        0,
        0,
        12,
        -0.415,
        0,
        12.467,
        0,
        2,
        15,
        0
      ]
    },
    {
      "Target": "Parameter",
      "Id": "Param_Position_Z",
      "Segments": [
        0,
        3,
        0,
        1.967,
        -4.002,
        2,
        8.267,
        -4.002,
        0,
        10.15,
        3,
        2,
        15,
        3
      ]
    },
    {
      "Target": "Parameter",
      "Id": "ParamEyeRSmile",
      "Segments": [
        0,
        0,
        0,
        15,
        0
      ]
    },
    {
      "Target": "Parameter",
      "Id": "ParamEyeLSmile",
      "Segments": [
        0,
        0,
        0,
        15,
        0
      ]
    },
    {
      "Target": "Parameter",
      "Id": "ParamEyeLLine",
      "Segments": [
        0,
        0,
        0,
        15,
        0
      ]
    },
    {
      "Target": "Parameter",
      "Id": "ParamEyeRLine",
      "Segments": [
        0,
        0,
        0,
        15,
        0
      ]
    },
    {
      "Target": "Parameter",
      "Id": "ParamEyeScale",
      "Segments": [
        0,
        0,
        0,
        15,
        0
      ]
    },
    {
      "Target": "Parameter",
      "Id": "ParamEyeRForm",
      "Segments": [
        0,
        0,
        0,
        15,
        0
      ]
    },
    {
      "Target": "Parameter",
      "Id": "ParamEyeLForm",
      "Segments": [
        0,
        0,
        0,
        15,
        0
      ]
    },
    {
      "Target": "Parameter",
      "Id": "ParamEyeHighLight",
      "Segments": [
        0,
        1,
        0,
        15,
        1
      ]
    },
    {
      "Target": "Parameter",
      "Id": "ParamEyeBKira",
      "Segments": [
        0,
        0,
        0,
        15,
        0
      ]
    },
    {
      "Target": "Parameter",
      "Id": "ParamTears",
      "Segments": [
        0,
        0,
        0,
        15,
        0
      ]
    },
    {
      "Target": "Parameter",
      "Id": "ParamEyeBTwinkle",
      "Segments": [
        0,
        0,
        0,
        15,
        0
      ]
    },
    {
      "Target": "Parameter",
      "Id": "ParamBrowLX",
      "Segments": [
        0,
        0,
        0,
        15,
        0
      ]
    },
    {
      "Target": "Parameter",
      "Id": "ParamBrowRX",
      "Segments": [
        0,
        0,
        0,
        15,
        0
      ]
    },
    {
      "Target": "Parameter",
      "Id": "ParamMouthForm",
      "Segments": [
        0,
        0,
        0,
        15,
        0
      ]
    },
    {
      "Target": "Parameter",
      "Id": "ParamMouthOpenY",
      "Segments": [
        0,
        0,
        0,
        15,
        0
      ]
    },
    {
      "Target": "Parameter",
      "Id": "Paramtooth",
      "Segments": [
        0,
        0,
        0,
        15,
        0
      ]
    },
    {
      "Target": "Parameter",
      "Id": "ParamMouthHight",
      "Segments": [
        0,
        0,
        0,
        15,
        0
      ]
    },
    {
      "Target": "Parameter",
      "Id": "ParamMouthWidth",
      "Segments": [
        0,
        0,
        0,
        15,
        0
      ]
    },
    {
      "Target": "Parameter",
      "Id": "ParamCheek",
      "Segments": [
        0,
        0,
        0,
        15,
        0
      ]
    },
    {
      "Target": "Parameter",
      "Id": "ParamSweat_02",
      "Segments": [
        0,
        0,
        0,
        15,
        0
      ]
    },
    {
      "Target": "Parameter",
      "Id": "ParamSweat_01",
      "Segments": [
        0,
        0,
        0,
        15,
        0
      ]
    },
    {
      "Target": "Parameter",
      "Id": "ParamArm_R_01_005",
      "Segments": [
        0,
        0,
        0,
        15,
        0
      ]
    },
    {
      "Target": "Parameter",
      "Id": "ParamArm_R_01_004",
      "Segments": [
        0,
        0,
        0,
        15,
        0
      ]
    },
    {
      "Target": "Parameter",
      "Id": "ParamArm_R_Change_001",
      "Segments": [
        0,
        0,
        0,
        15,
        0
      ]
    },
    {
      "Target": "Parameter",
      "Id": "ParamArm_L_01_003",
      "Segments": [
        0,
        0.9,
        0,
        15,
        0.9
      ]
    },
    {
      "Target": "Parameter",
      "Id": "ParamArm_L_01_005",
      "Segments": [
        0,
        0,
        0,
        15,
        0
      ]
    },
    {
      "Target": "Parameter",
      "Id": "ParamArm_L_01_004",
      "Segments": [
        0,
        0,
        0,
        15,
        0
      ]
    },
    {
      "Target": "Parameter",
      "Id": "ParamArm_L_Change_001",
      "Segments": [
        0,
        0,
        0,
        15,
        0
      ]
    },
    {
      "Target": "Parameter",
      "Id": "Paramhand_R_01_001",
      "Segments": [
        0,
        0,
        0,
        15,
        0
      ]
    },
    {
      "Target": "Parameter",
      "Id": "Paramhand_R_01_005",
      "Segments": [
        0,
        0,
        0,
        15,
        0
      ]
    },
    {
      "Target": "Parameter",
      "Id": "Paramhand_R_01_007",
      "Segments": [
        0,
        0,
        0,
        15,
        0
      ]
    },
    {
      "Target": "Parameter",
      "Id": "Paramhand_R_01_008",
      "Segments": [
        0,
        0,
        0,
        15,
        0
      ]
    },
    {
      "Target": "Parameter",
      "Id": "Paramhand_R_01_009",
      "Segments": [
        0,
        0,
        0,
        15,
        0
      ]
    },
    {
      "Target": "Parameter",
      "Id": "Paramhand_R_01_010",
      "Segments": [
        0,
        0,
        0,
        15,
        0
      ]
    },
    {
      "Target": "Parameter",
      "Id": "Paramhand_R_01_014",
      "Segments": [
        0,
        0,
        0,
        15,
        0
      ]
    },
    {
      "Target": "Parameter",
      "Id": "Paramhand_R_01_015",
      "Segments": [
        0,
        0,
        0,
        15,
        0
      ]
    },
    {
      "Target": "Parameter",
      "Id": "Paramhand_R_01_020",
      "Segments": [
        0,
        1,
        0,
        15,
        1
      ]
    },
    {
      "Target": "Parameter",
      "Id": "Paramhand_L_01_001",
      "Segments": [
        0,
        0,
        0,
        15,
        0
      ]
    },
    {
      "Target": "Parameter",
      "Id": "Paramhand_L_01_002",
      "Segments": [
        0,
        0,
        0,
        15,
        0
      ]
    },
    {
      "Target": "Parameter",
      "Id": "Paramhand_L_01_005",
      "Segments": [
        0,
        0,
        0,
        15,
        0
      ]
    },
    {
      "Target": "Parameter",
      "Id": "Paramhand_L_01_007",
      "Segments": [
        0,
        0,
        0,
        15,
        0
      ]
    },
    {
      "Target": "Parameter",
      "Id": "Paramhand_L_01_008",
      "Segments": [
        0,
        0,
        0,
        15,
        0
      ]
    },
    {
      "Target": "Parameter",
      "Id": "Paramhand_L_01_009",
      "Segments": [
        0,
        1,
        0,
        15,
        1
      ]
    },
    {
      "Target": "Parameter",
      "Id": "Paramhand_L_01_010",
      "Segments": [
        0,
        0,
        0,
        15,
        0
      ]
    },
    {
      "Target": "Parameter",
      "Id": "Paramhand_L_01_014",
      "Segments": [
        0,
        0,
        0,
        15,
        0
      ]
    },
    {
      "Target": "Parameter",
      "Id": "Paramhand_L_01_015",
      "Segments": [
        0,
        0,
        0,
        15,
        0
      ]
    },
    {
      "Target": "Parameter",
      "Id": "Paramhand_L_01_020",
      "Segments": [
        0,
        0,
        0,
        15,
        0
      ]
    },
    {
      "Target": "Parameter",
      "Id": "ParamBreath",
      "Segments": [
        0,
        0,
        0,
        15,
        0
      ]
    },
    {
      "Target": "Parameter",
      "Id": "ParamHairFront_01",
      "Segments": [
        0,
        0,
        0,
        15,
        0
      ]
    },
    {
      "Target": "Parameter",
      "Id": "ParamHairFront_02",
      "Segments": [
        0,
        0,
        0,
        15,
        0
      ]
    },
    {
      "Target": "Parameter",
      "Id": "ParamHairSide_01",
      "Segments": [
        0,
        0,
        0,
        15,
        0
      ]
    },
    {
      "Target": "Parameter",
      "Id": "ParamHairSide_02",
      "Segments": [
        0,
        0,
        0,
        15,
        0
      ]
    },
    {
      "Target": "Parameter",
      "Id": "ParamHairBack_01",
      "Segments": [
        0,
        0,
        0,
        15,
        0
      ]
    },
    {
      "Target": "Parameter",
      "Id": "ParamHairBack_02",
      "Segments": [
        0,
        0,
        0,
        15,
        0
      ]
    },
    {
      "Target": "Parameter",
      "Id": "ParamClothparts_006",
      "Segments": [
        0,
        0,
        0,
        15,
        0
      ]
    },
    {
      "Target": "Parameter",
      "Id": "ParamClothparts_007",
      "Segments": [
        0,
        0,
        0,
        15,
        0
      ]
    },
    {
      "Target": "Parameter",
      "Id": "Param",
      "Segments": [
        0,
        0,
        0,
        15,
        0
      ]
    },
    {
      "Target": "Parameter",
      "Id": "ParamClothparts_002",
      "Segments": [
        0,
        0,
        0,
        15,
        0
      ]
    },
    {
      "Target": "Parameter",
      "Id": "ParamClothparts_003",
      "Segments": [
        0,
        0,
        0,
        15,
        0
      ]
    },
    {
      "Target": "Parameter",
      "Id": "ParamClothparts_004",
      "Segments": [
        0,
        0,
        0,
        15,
        0
      ]
    },
    {
      "Target": "Parameter",
      "Id": "ParamClothparts_005",
      "Segments": [
        0,
        0,
        0,
        15,
        0
      ]
    },
    {
      "Target": "Parameter",
      "Id": "ParamSkirt_002",
      "Segments": [
        0,
        0,
        0,
        15,
        0
      ]
    },
    {
      "Target": "Parameter",
      "Id": "ParamSkirt_001",
      "Segments": [
        0,
        0,
        0,
        15,
        0
      ]
    },
    {
      "Target": "Parameter",
      "Id": "ParamModelSize",
      "Segments": [
        0,
        1,
        0,
        15,
        1
      ]
    }
  ],
  "UserData": [
    {
      "Time": 0.0,
      "Value": ""
    }
  ]
}