{
  "Version": 3,
  "Meta": {
    "Duration": 3.0,
    "Fps": 60.0,
    "Loop": true,
    "AreBeziersRestricted": true,
    "CurveCount": 90,
    "TotalSegmentCount": 162,
    "TotalPointCount": 178,
    "UserDataCount": 1,
    "TotalUserDataSize": 0
  },
  "Curves": [
    {
      "Target": "Parameter",
      "Id": "ParamAngleX",
      "Segments": [
        0,
        0,
        2,
        0.083,
        0,
        1,
        0.239,
        0,
        0.394,
        -0.11,
        0.55,
        1,
        1,
        0.672,
        1.872,
        0.795,
        11,
        0.917,
        11,
        0,
        1.433,
        9,
        2,
        3,
        9
      ]
    },
    {
      "Target": "Parameter",
      "Id": "ParamAngleY",
      "Segments": [
        0,
        0,
        2,
        0.083,
        0,
        0,
        0.55,
        22,
        0,
        0.917,
        -9,
        0,
        1.433,
        3.967,
        0,
        1.8,
        3.681,
        2,
        3,
        3.681
      ]
    },
    {
      "Target": "Parameter",
      "Id": "ParamAngleZ",
      "Segments": [
        0,
        -2,
        2,
        0.083,
        -2,
        1,
        0.216,
        -2,
        0.35,
        -1.562,
        0.483,
        0,
        1,
        0.8,
        3.71,
        1.116,
        6,
        1.433,
        6,
        2,
        3,
        6
      ]
    },
    {
      "Target": "Parameter",
      "Id": "ParamEyeROpen",
      "Segments": [
        0,
        1,
        2,
        0.083,
        1,
        2,
        0.483,
        1,
        0,
        0.583,
        0,
        2,
        0.817,
        0,
        0,
        0.917,
        1,
        2,
        3,
        1
      ]
    },
    {
      "Target": "Parameter",
      "Id": "ParamEyeLOpen",
      "Segments": [
        0,
        1,
        2,
        0.083,
        1,
        2,
        0.483,
        1,
        0,
        0.583,
        0,
        2,
        0.817,
        0,
        0,
        0.917,
        1,
        2,
        3,
        1
      ]
    },
    {
      "Target": "Parameter",
      "Id": "ParamEyeBallX",
      "Segments": [
        0,
        0,
        2,
        0.483,
        0,
        0,
        0.917,
        -0.2,
        2,
        3,
        -0.2
      ]
    },
    {
      "Target": "Parameter",
      "Id": "ParamEyeBallY",
      "Segments": [
        0,
        0,
        0,
        0.483,
        -1,
        0,
        0.917,
        -0.1,
        2,
        3,
        -0.1
      ]
    },
    {
      "Target": "Parameter",
      "Id": "ParamArm_R_01_001",
      "Segments": [
        0,
        -19.15,
        2,
        0.083,
        -19.15,
        0,
        0.433,
        -32.65,
        0,
        0.917,
        -28.013,
        0,
        1.367,
        -28.57,
        2,
        3,
        -28.57
      ]
    },
    {
      "Target": "Parameter",
      "Id": "ParamArm_R_01_002",
      "Segments": [
        0,
        55.903,
        2,
        0.083,
        55.903,
        0,
        0.417,
        78.853,
        0,
        0.917,
        65.49,
        0,
        1.367,
        70.787,
        2,
        3,
        70.787
      ]
    },
    {
      "Target": "Parameter",
      "Id": "ParamArm_R_01_003",
      "Segments": [
        0,
        0.306,
        2,
        0.083,
        0.306,
        1,
        0.189,
        0.306,
        0.294,
        0.331,
        0.4,
        0.43,
        1,
        0.494,
        0.518,
        0.589,
        0.6,
        0.683,
        0.6,
        0,
        1.367,
        0.365,
        2,
        3,
        0.365
      ]
    },
    {
      "Target": "Parameter",
      "Id": "ParamArm_R_01_005",
      "Segments": [
        0,
        -0.4,
        2,
        0.083,
        -0.4,
        0,
        0.583,
        -0.5,
        2,
        3,
        -0.5
      ]
    },
    {
      "Target": "Parameter",
      "Id": "ParamArm_L_01_001",
      "Segments": [
        0,
        -20.6,
        2,
        0.083,
        -20.6,
        0,
        0.433,
        -32.5,
        0,
        0.917,
        -28.064,
        0,
        1.367,
        -28.593,
        2,
        3,
        -28.593
      ]
    },
    {
      "Target": "Parameter",
      "Id": "ParamArm_L_01_002",
      "Segments": [
        0,
        56.443,
        2,
        0.083,
        56.443,
        0,
        0.417,
        78.966,
        0,
        0.917,
        65.603,
        0,
        1.367,
        70.837,
        2,
        3,
        70.837
      ]
    },
    {
      "Target": "Parameter",
      "Id": "ParamArm_L_01_003",
      "Segments": [
        0,
        0.294,
        2,
        0.083,
        0.294,
        1,
        0.189,
        0.294,
        0.294,
        0.319,
        0.4,
        0.422,
        1,
        0.494,
        0.514,
        0.589,
        0.6,
        0.683,
        0.6,
        0,
        1.367,
        0.365,
        2,
        3,
        0.365
      ]
    },
    {
      "Target": "Parameter",
      "Id": "ParamArm_L_01_005",
      "Segments": [
        0,
        -0.4,
        2,
        0.083,
        -0.4,
        0,
        0.583,
        -0.5,
        2,
        3,
        -0.5
      ]
    },
    {
      "Target": "Parameter",
      "Id": "ParamShoulder_R",
      "Segments": [
        0,
        0,
        2,
        0.083,
        0,
        0,
        0.917,
        -0.1,
        2,
        3,
        -0.1
      ]
    },
    {
      "Target": "Parameter",
      "Id": "ParamShoulder_L",
      "Segments": [
        0,
        0,
        2,
        0.083,
        0,
        0,
        0.917,
        -0.1,
        2,
        3,
        -0.1
      ]
    },
    {
      "Target": "Parameter",
      "Id": "ParamBodyAngleY",
      "Segments": [
        0,
        0,
        2,
        0.083,
        0,
        0,
        0.433,
        2.742,
        0,
        0.917,
        -6,
        0,
        1.417,
        -2.658,
        0,
        1.967,
        -2.854,
        2,
        3,
        -2.854
      ]
    },
    {
      "Target": "Parameter",
      "Id": "ParamBodyAngleZ",
      "Segments": [
        0,
        0,
        2,
        0.083,
        0,
        0,
        0.917,
        -0.779,
        0,
        1.417,
        -0.701,
        2,
        3,
        -0.701
      ]
    },
    {
      "Target": "Parameter",
      "Id": "Param_Position_Y",
      "Segments": [
        0,
        0,
        2,
        0.083,
        0,
        0,
        0.433,
        6.008,
        0,
        0.917,
        -1.022,
        0,
        1.4,
        0.941,
        0,
        1.967,
        0.663,
        2,
        3,
        0.663
      ]
    },
    {
      "Target": "Parameter",
      "Id": "ParamEyeRSmile",
      "Segments": [
        0,
        0,
        0,
        3,
        0
      ]
    },
    {
      "Target": "Parameter",
      "Id": "ParamEyeLSmile",
      "Segments": [
        0,
        0,
        0,
        3,
        0
      ]
    },
    {
      "Target": "Parameter",
      "Id": "ParamEyeLLine",
      "Segments": [
        0,
        0,
        0,
        3,
        0
      ]
    },
    {
      "Target": "Parameter",
      "Id": "ParamEyeRLine",
      "Segments": [
        0,
        0,
        0,
        3,
        0
      ]
    },
    {
      "Target": "Parameter",
      "Id": "ParamEyeScale",
      "Segments": [
        0,
        0,
        0,
        3,
        0
      ]
    },
    {
      "Target": "Parameter",
      "Id": "ParamEyeRForm",
      "Segments": [
        0,
        0,
        0,
        3,
        0
      ]
    },
    {
      "Target": "Parameter",
      "Id": "ParamEyeLForm",
      "Segments": [
        0,
        0,
        0,
        3,
        0
      ]
    },
    {
      "Target": "Parameter",
      "Id": "ParamEyeHighLight",
      "Segments": [
        0,
        1,
        0,
        3,
        1
      ]
    },
    {
      "Target": "Parameter",
      "Id": "ParamEyeBKira",
      "Segments": [
        0,
        0,
        0,
        3,
        0
      ]
    },
    {
      "Target": "Parameter",
      "Id": "ParamTears",
      "Segments": [
        0,
        0,
        0,
        3,
        0
      ]
    },
    {
      "Target": "Parameter",
      "Id": "ParamEyeBTwinkle",
      "Segments": [
        0,
        0,
        0,
        3,
        0
      ]
    },
    {
      "Target": "Parameter",
      "Id": "ParamBrowLY",
      "Segments": [
        0,
        0,
        0,
        3,
        0
      ]
    },
    {
      "Target": "Parameter",
      "Id": "ParamBrowRY",
      "Segments": [
        0,
        0,
        0,
        3,
        0
      ]
    },
    {
      "Target": "Parameter",
      "Id": "ParamBrowLX",
      "Segments": [
        0,
        0,
        0,
        3,
        0
      ]
    },
    {
      "Target": "Parameter",
      "Id": "ParamBrowRX",
      "Segments": [
        0,
        0,
        0,
        3,
        0
      ]
    },
    {
      "Target": "Parameter",
      "Id": "ParamBrowLAngle",
      "Segments": [
        0,
        0,
        0,
        3,
        0
      ]
    },
    {
      "Target": "Parameter",
      "Id": "ParamBrowRAngle",
      "Segments": [
        0,
        0,
        0,
        3,
        0
      ]
    },
    {
      "Target": "Parameter",
      "Id": "ParamBrowLForm",
      "Segments": [
        0,
        0,
        0,
        3,
        0
      ]
    },
    {
      "Target": "Parameter",
      "Id": "ParamBrowRForm",
      "Segments": [
        0,
        0,
        0,
        3,
        0
      ]
    },
    {
      "Target": "Parameter",
      "Id": "ParamMouthForm",
      "Segments": [
        0,
        0,
        0,
        3,
        0
      ]
    },
    {
      "Target": "Parameter",
      "Id": "ParamMouthOpenY",
      "Segments": [
        0,
        0,
        0,
        3,
        0
      ]
    },
    {
      "Target": "Parameter",
      "Id": "Paramtooth",
      "Segments": [
        0,
        0,
        0,
        3,
        0
      ]
    },
    {
      "Target": "Parameter",
      "Id": "ParamMouthHight",
      "Segments": [
        0,
        0,
        0,
        3,
        0
      ]
    },
    {
      "Target": "Parameter",
      "Id": "ParamMouthWidth",
      "Segments": [
        0,
        0,
        0,
        3,
        0
      ]
    },
    {
      "Target": "Parameter",
      "Id": "ParamCheek",
      "Segments": [
        0,
        0,
        0,
        3,
        0
      ]
    },
    {
      "Target": "Parameter",
      "Id": "ParamSweat_02",
      "Segments": [
        0,
        0,
        0,
        3,
        0
      ]
    },
    {
      "Target": "Parameter",
      "Id": "ParamSweat_01",
      "Segments": [
        0,
        0,
        0,
        3,
        0
      ]
    },
    {
      "Target": "Parameter",
      "Id": "ParamArm_R_01_004",
      "Segments": [
        0,
        -0.9,
        0,
        3,
        -0.9
      ]
    },
    {
      "Target": "Parameter",
      "Id": "ParamArm_L_01_004",
      "Segments": [
        0,
        -0.9,
        0,
        3,
        -0.9
      ]
    },
    {
      "Target": "Parameter",
      "Id": "ParamArm_L_Change_001",
      "Segments": [
        0,
        0,
        0,
        3,
        0
      ]
    },
    {
      "Target": "Parameter",
      "Id": "Paramhand_R_01_001",
      "Segments": [
        0,
        0,
        0,
        3,
        0
      ]
    },
    {
      "Target": "Parameter",
      "Id": "Paramhand_R_01_005",
      "Segments": [
        0,
        0,
        0,
        3,
        0
      ]
    },
    {
      "Target": "Parameter",
      "Id": "Paramhand_R_01_006",
      "Segments": [
        0,
        0,
        0,
        3,
        0
      ]
    },
    {
      "Target": "Parameter",
      "Id": "Paramhand_R_01_007",
      "Segments": [
        0,
        1,
        0,
        3,
        1
      ]
    },
    {
      "Target": "Parameter",
      "Id": "Paramhand_R_01_008",
      "Segments": [
        0,
        0,
        0,
        3,
        0
      ]
    },
    {
      "Target": "Parameter",
      "Id": "Paramhand_R_01_009",
      "Segments": [
        0,
        0,
        0,
        3,
        0
      ]
    },
    {
      "Target": "Parameter",
      "Id": "Paramhand_R_01_010",
      "Segments": [
        0,
        0,
        0,
        3,
        0
      ]
    },
    {
      "Target": "Parameter",
      "Id": "Paramhand_R_01_014",
      "Segments": [
        0,
        0,
        0,
        3,
        0
      ]
    },
    {
      "Target": "Parameter",
      "Id": "Paramhand_R_01_015",
      "Segments": [
        0,
        0,
        0,
        3,
        0
      ]
    },
    {
      "Target": "Parameter",
      "Id": "Paramhand_R_01_020",
      "Segments": [
        0,
        0,
        0,
        3,
        0
      ]
    },
    {
      "Target": "Parameter",
      "Id": "Paramhand_L_01_001",
      "Segments": [
        0,
        0,
        0,
        3,
        0
      ]
    },
    {
      "Target": "Parameter",
      "Id": "Paramhand_L_01_002",
      "Segments": [
        0,
        0,
        0,
        3,
        0
      ]
    },
    {
      "Target": "Parameter",
      "Id": "Paramhand_L_01_005",
      "Segments": [
        0,
        0,
        0,
        3,
        0
      ]
    },
    {
      "Target": "Parameter",
      "Id": "Paramhand_L_01_006",
      "Segments": [
        0,
        0,
        0,
        3,
        0
      ]
    },
    {
      "Target": "Parameter",
      "Id": "Paramhand_L_01_007",
      "Segments": [
        0,
        1,
        0,
        3,
        1
      ]
    },
    {
      "Target": "Parameter",
      "Id": "Paramhand_L_01_008",
      "Segments": [
        0,
        0,
        0,
        3,
        0
      ]
    },
    {
      "Target": "Parameter",
      "Id": "Paramhand_L_01_009",
      "Segments": [
        0,
        0,
        0,
        3,
        0
      ]
    },
    {
      "Target": "Parameter",
      "Id": "Paramhand_L_01_010",
      "Segments": [
        0,
        0,
        0,
        3,
        0
      ]
    },
    {
      "Target": "Parameter",
      "Id": "Paramhand_L_01_014",
      "Segments": [
        0,
        0,
        0,
        3,
        0
      ]
    },
    {
      "Target": "Parameter",
      "Id": "Paramhand_L_01_015",
      "Segments": [
        0,
        0,
        0,
        3,
        0
      ]
    },
    {
      "Target": "Parameter",
      "Id": "Paramhand_L_01_020",
      "Segments": [
        0,
        0,
        0,
        3,
        0
      ]
    },
    {
      "Target": "Parameter",
      "Id": "ParamBodyAngleX",
      "Segments": [
        0,
        0,
        0,
        3,
        0
      ]
    },
    {
      "Target": "Parameter",
      "Id": "Param_Position_Z",
      "Segments": [
        0,
        0,
        0,
        3,
        0
      ]
    },
    {
      "Target": "Parameter",
      "Id": "ParamBreath",
      "Segments": [
        0,
        0,
        0,
        3,
        0
      ]
    },
    {
      "Target": "Parameter",
      "Id": "ParamHairFront_01",
      "Segments": [
        0,
        0,
        0,
        3,
        0
      ]
    },
    {
      "Target": "Parameter",
      "Id": "ParamHairFront_02",
      "Segments": [
        0,
        0,
        0,
        3,
        0
      ]
    },
    {
      "Target": "Parameter",
      "Id": "ParamHairSide_01",
      "Segments": [
        0,
        0,
        0,
        3,
        0
      ]
    },
    {
      "Target": "Parameter",
      "Id": "ParamHairSide_02",
      "Segments": [
        0,
        0,
        0,
        3,
        0
      ]
    },
    {
      "Target": "Parameter",
      "Id": "ParamHairBack_01",
      "Segments": [
        0,
        0,
        0,
        3,
        0
      ]
    },
    {
      "Target": "Parameter",
      "Id": "ParamHairBack_02",
      "Segments": [
        0,
        0,
        0,
        3,
        0
      ]
    },
    {
      "Target": "Parameter",
      "Id": "ParamClothparts_006",
      "Segments": [
        0,
        0,
        0,
        3,
        0
      ]
    },
    {
      "Target": "Parameter",
      "Id": "ParamClothparts_007",
      "Segments": [
        0,
        0,
        0,
        3,
        0
      ]
    },
    {
      "Target": "Parameter",
      "Id": "Param",
      "Segments": [
        0,
        0,
        0,
        3,
        0
      ]
    },
    {
      "Target": "Parameter",
      "Id": "ParamClothparts_002",
      "Segments": [
        0,
        0,
        0,
        3,
        0
      ]
    },
    {
      "Target": "Parameter",
      "Id": "ParamClothparts_003",
      "Segments": [
        0,
        0,
        0,
        3,
        0
      ]
    },
    {
      "Target": "Parameter",
      "Id": "ParamClothparts_004",
      "Segments": [
        0,
        0,
        0,
        3,
        0
      ]
    },
    {
      "Target": "Parameter",
      "Id": "ParamClothparts_005",
      "Segments": [
        0,
        0,
        0,
        3,
        0
      ]
    },
    {
      "Target": "Parameter",
      "Id": "ParamSkirt_002",
      "Segments": [
        0,
        0,
        0,
        3,
        0
      ]
    },
    {
      "Target": "Parameter",
      "Id": "ParamSkirt_001",
      "Segments": [
        0,
        0,
        0,
        3,
        0
      ]
    },
    {
      "Target": "Parameter",
      "Id": "ParamModelSize",
      "Segments": [
        0,
        1,
        0,
        3,
        1
      ]
    }
  ],
  "UserData": [
    {
      "Time": 0.0,
      "Value": ""
    }
  ]
}