{"ModelFileName":"\\\\wsl.localhost\\ubuntu\\home\\nyx\\ai2d_chat\\src\\live2d_models\\haruka\\06haruka_cloth001_3.0_f_t02.model3.json","Contents":[{"TypeName":"7983fbf6a2dd20c99e0a2067b0daacfa","SerializedContents":""},{"TypeName":"a86846a6420b13e72dd7cc6f1a5f7f4b","SerializedContents":"{\"Motion3JsonPathes\":[]}"},{"TypeName":"7221b2c37abef5ce69dfc5185197923f","SerializedContents":"{\"SelectedMotionsList\":[{\"OptionName\":\"Selected01\",\"MotionList\":[]}],\"Weights\":[],\"BlendModes\":[]}"},{"TypeName":"03cca611659e1699abd9d27cea6b7cb1","SerializedContents":"{\"Parameters\":[{\"Id\":\"ParamTear2\",\"Value\":0.0},{\"Id\":\"ParamTearL\",\"Value\":0.0},{\"Id\":\"ParamTearHighlightL\",\"Value\":0.0},{\"Id\":\"ParamTear4\",\"Value\":-1.0},{\"Id\":\"ParamTearHighlightR\",\"Value\":0.0},{\"Id\":\"ParamTearR\",\"Value\":0.0},{\"Id\":\"ParamTear3\",\"Value\":-1.0},{\"Id\":\"ParamPositionX\",\"Value\":0.0},{\"Id\":\"ParamPositionY\",\"Value\":0.0},{\"Id\":\"ParamRotationZ\",\"Value\":0.0},{\"Id\":\"ParamAngleX\",\"Value\":0.00019916101882699877},{\"Id\":\"ParamAngleY\",\"Value\":0.00009510984091321006},{\"Id\":\"ParamAngleZ\",\"Value\":0.0},{\"Id\":\"ParamBrowRX\",\"Value\":0.0},{\"Id\":\"ParamBrowRY\",\"Value\":0.0},{\"Id\":\"ParamBrowRAngle\",\"Value\":0.0},{\"Id\":\"ParamBrowRForm\",\"Value\":0.0},{\"Id\":\"ParamBrowLX\",\"Value\":0.0},{\"Id\":\"ParamBrowLY\",\"Value\":0.0},{\"Id\":\"ParamBrowLAngle\",\"Value\":0.0},{\"Id\":\"ParamBrowLForm\",\"Value\":0.0},{\"Id\":\"ParamEyeROpen\",\"Value\":1.0},{\"Id\":\"ParamEyeRSmile\",\"Value\":0.0},{\"Id\":\"ParamEyeRForm\",\"Value\":0.0},{\"Id\":\"ParamEyeLOpen\",\"Value\":1.0},{\"Id\":\"ParamEyeLSmile\",\"Value\":0.0},{\"Id\":\"ParamEyeLForm\",\"Value\":0.0},{\"Id\":\"ParamEyeballX\",\"Value\":0.0},{\"Id\":\"ParamEyeballY\",\"Value\":0.0},{\"Id\":\"ParamEyeSize\",\"Value\":0.0},{\"Id\":\"ParamEyeTeary\",\"Value\":0.0},{\"Id\":\"ParamTear\",\"Value\":0.0},{\"Id\":\"ParamMouthForm\",\"Value\":0.0},{\"Id\":\"ParamMouthOpenY\",\"Value\":0.0},{\"Id\":\"ParamMouthForm2\",\"Value\":0.0},{\"Id\":\"ParamTeeth\",\"Value\":0.0},{\"Id\":\"ParamMouthScaleX\",\"Value\":0.0},{\"Id\":\"ParamMouthScaleY\",\"Value\":0.0},{\"Id\":\"ParamMouthPositionY\",\"Value\":0.0},{\"Id\":\"ParamCheek\",\"Value\":0.0},{\"Id\":\"ParamFaceShadow\",\"Value\":0.0},{\"Id\":\"ParamCheekAngry\",\"Value\":0.0},{\"Id\":\"ParamSweatOn\",\"Value\":0.0},{\"Id\":\"ParamSweatMove\",\"Value\":0.0},{\"Id\":\"ParamBodyAngleX\",\"Value\":0.00006638700870098546},{\"Id\":\"ParamBodyAngleY\",\"Value\":0.00003170327909174375},{\"Id\":\"ParamBodyAngleZ\",\"Value\":0.0},{\"Id\":\"ParamUpperBodyZ\",\"Value\":0.0},{\"Id\":\"ParamUpperBody\",\"Value\":0.0},{\"Id\":\"ParamBreath\",\"Value\":0.01318398118019104},{\"Id\":\"ParamLegLZ\",\"Value\":0.0},{\"Id\":\"ParamLegRZ\",\"Value\":0.0},{\"Id\":\"ParamShoulderR\",\"Value\":0.0},{\"Id\":\"ParamArmR1\",\"Value\":-36.56999969482422},{\"Id\":\"ParamArmR2\",\"Value\":0.0},{\"Id\":\"ParamArmR3\",\"Value\":0.0},{\"Id\":\"ParamArmR4\",\"Value\":0.0},{\"Id\":\"ParamArmR5\",\"Value\":0.0},{\"Id\":\"ParamArmR6\",\"Value\":0.0},{\"Id\":\"ParamArmR7\",\"Value\":0.0},{\"Id\":\"ParamArmR8\",\"Value\":0.0},{\"Id\":\"ParamArmR9\",\"Value\":0.0},{\"Id\":\"ParamHandRA\",\"Value\":1.0},{\"Id\":\"ParamHandRB\",\"Value\":0.0},{\"Id\":\"ParamHandRC\",\"Value\":0.0},{\"Id\":\"ParamHandRD\",\"Value\":0.0},{\"Id\":\"ParamHandRE\",\"Value\":0.0},{\"Id\":\"ParamHandRF\",\"Value\":0.0},{\"Id\":\"ParamHandRG\",\"Value\":0.0},{\"Id\":\"ParamHandRH\",\"Value\":0.0},{\"Id\":\"ParamHandRI\",\"Value\":0.0},{\"Id\":\"ParamHandRJ\",\"Value\":0.0},{\"Id\":\"ParamHandRK\",\"Value\":0.0},{\"Id\":\"ParamFingerR\",\"Value\":0.0},{\"Id\":\"ParamShoulderL\",\"Value\":0.0},{\"Id\":\"ParamArmL1\",\"Value\":-35.880001068115237},{\"Id\":\"ParamArmL2\",\"Value\":0.0},{\"Id\":\"ParamArmL3\",\"Value\":0.0},{\"Id\":\"ParamArmL4\",\"Value\":0.0},{\"Id\":\"ParamArmL5\",\"Value\":0.0},{\"Id\":\"ParamArmL6\",\"Value\":0.0},{\"Id\":\"ParamArmL7\",\"Value\":0.0},{\"Id\":\"ParamArmL8\",\"Value\":0.0},{\"Id\":\"ParamArmL9\",\"Value\":-1.0},{\"Id\":\"ParamHandLA\",\"Value\":1.0},{\"Id\":\"ParamHandLB\",\"Value\":0.0},{\"Id\":\"ParamHandLC\",\"Value\":0.0},{\"Id\":\"ParamHandLD\",\"Value\":0.0},{\"Id\":\"ParamHandLE\",\"Value\":0.0},{\"Id\":\"ParamHandLF\",\"Value\":0.0},{\"Id\":\"ParamHandLG\",\"Value\":0.0},{\"Id\":\"ParamHandLH\",\"Value\":0.0},{\"Id\":\"ParamHandLI\",\"Value\":0.0},{\"Id\":\"ParamHandLJ\",\"Value\":0.0},{\"Id\":\"ParamHandLK\",\"Value\":0.0},{\"Id\":\"ParamFingerL\",\"Value\":0.0},{\"Id\":\"ParamHeadHangZ\",\"Value\":0.0},{\"Id\":\"ParamBodyHangZ\",\"Value\":0.0},{\"Id\":\"ParamHairFront\",\"Value\":-0.000011086463928222656},{\"Id\":\"ParamHairSide\",\"Value\":-0.000005602836608886719},{\"Id\":\"ParamHairBack\",\"Value\":-0.000005602836608886719},{\"Id\":\"ParamHairHuwa\",\"Value\":-0.0000040531158447265629},{\"Id\":\"ParamBustX\",\"Value\":-0.000016689300537109375},{\"Id\":\"ParamBustY\",\"Value\":-0.0000032186508178710939},{\"Id\":\"ParamBodyFuwa\",\"Value\":-0.0000032186508178710939},{\"Id\":\"ParamCardiganFuwa\",\"Value\":-0.0000032186508178710939},{\"Id\":\"ParamCardiganSwing\",\"Value\":-0.00000667572021484375},{\"Id\":\"ParamBodySwingA\",\"Value\":-0.0000073909759521484379},{\"Id\":\"ParamBodySwingB\",\"Value\":0.0000073909759521484379},{\"Id\":\"ParamSkirtFuwa\",\"Value\":-0.0000032186508178710939},{\"Id\":\"ParamSkirtSwing\",\"Value\":-0.000003814697265625},{\"Id\":\"ParamSize\",\"Value\":6.0}]}"},{"TypeName":"adade5492ac7a8edc9803effc699b5e1","SerializedContents":"{\"Items\":[{\"SerializableParameterName\":\"ParamTear2\",\"SerializableLookAt\":false,\"SerializableParameterReverse\":false,\"SerializableSourceAxis\":0,\"SerializableWeight\":1.0},{\"SerializableParameterName\":\"ParamTearL\",\"SerializableLookAt\":false,\"SerializableParameterReverse\":false,\"SerializableSourceAxis\":0,\"SerializableWeight\":1.0},{\"SerializableParameterName\":\"ParamTearHighlightL\",\"SerializableLookAt\":false,\"SerializableParameterReverse\":false,\"SerializableSourceAxis\":0,\"SerializableWeight\":1.0},{\"SerializableParameterName\":\"ParamTear4\",\"SerializableLookAt\":false,\"SerializableParameterReverse\":false,\"SerializableSourceAxis\":0,\"SerializableWeight\":1.0},{\"SerializableParameterName\":\"ParamTearHighlightR\",\"SerializableLookAt\":false,\"SerializableParameterReverse\":false,\"SerializableSourceAxis\":0,\"SerializableWeight\":1.0},{\"SerializableParameterName\":\"ParamTearR\",\"SerializableLookAt\":false,\"SerializableParameterReverse\":false,\"SerializableSourceAxis\":0,\"SerializableWeight\":1.0},{\"SerializableParameterName\":\"ParamTear3\",\"SerializableLookAt\":false,\"SerializableParameterReverse\":false,\"SerializableSourceAxis\":0,\"SerializableWeight\":1.0},{\"SerializableParameterName\":\"ParamPositionX\",\"SerializableLookAt\":false,\"SerializableParameterReverse\":false,\"SerializableSourceAxis\":0,\"SerializableWeight\":1.0},{\"SerializableParameterName\":\"ParamPositionY\",\"SerializableLookAt\":false,\"SerializableParameterReverse\":false,\"SerializableSourceAxis\":0,\"SerializableWeight\":1.0},{\"SerializableParameterName\":\"ParamRotationZ\",\"SerializableLookAt\":false,\"SerializableParameterReverse\":false,\"SerializableSourceAxis\":0,\"SerializableWeight\":1.0},{\"SerializableParameterName\":\"ParamAngleX\",\"SerializableLookAt\":true,\"SerializableParameterReverse\":false,\"SerializableSourceAxis\":0,\"SerializableWeight\":30.0},{\"SerializableParameterName\":\"ParamAngleY\",\"SerializableLookAt\":true,\"SerializableParameterReverse\":false,\"SerializableSourceAxis\":1,\"SerializableWeight\":30.0},{\"SerializableParameterName\":\"ParamAngleZ\",\"SerializableLookAt\":false,\"SerializableParameterReverse\":false,\"SerializableSourceAxis\":0,\"SerializableWeight\":1.0},{\"SerializableParameterName\":\"ParamBrowRX\",\"SerializableLookAt\":false,\"SerializableParameterReverse\":false,\"SerializableSourceAxis\":0,\"SerializableWeight\":1.0},{\"SerializableParameterName\":\"ParamBrowRY\",\"SerializableLookAt\":false,\"SerializableParameterReverse\":false,\"SerializableSourceAxis\":0,\"SerializableWeight\":1.0},{\"SerializableParameterName\":\"ParamBrowRAngle\",\"SerializableLookAt\":false,\"SerializableParameterReverse\":false,\"SerializableSourceAxis\":0,\"SerializableWeight\":1.0},{\"SerializableParameterName\":\"ParamBrowRForm\",\"SerializableLookAt\":false,\"SerializableParameterReverse\":false,\"SerializableSourceAxis\":0,\"SerializableWeight\":1.0},{\"SerializableParameterName\":\"ParamBrowLX\",\"SerializableLookAt\":false,\"SerializableParameterReverse\":false,\"SerializableSourceAxis\":0,\"SerializableWeight\":1.0},{\"SerializableParameterName\":\"ParamBrowLY\",\"SerializableLookAt\":false,\"SerializableParameterReverse\":false,\"SerializableSourceAxis\":0,\"SerializableWeight\":1.0},{\"SerializableParameterName\":\"ParamBrowLAngle\",\"SerializableLookAt\":false,\"SerializableParameterReverse\":false,\"SerializableSourceAxis\":0,\"SerializableWeight\":1.0},{\"SerializableParameterName\":\"ParamBrowLForm\",\"SerializableLookAt\":false,\"SerializableParameterReverse\":false,\"SerializableSourceAxis\":0,\"SerializableWeight\":1.0},{\"SerializableParameterName\":\"ParamEyeROpen\",\"SerializableLookAt\":false,\"SerializableParameterReverse\":false,\"SerializableSourceAxis\":0,\"SerializableWeight\":1.0},{\"SerializableParameterName\":\"ParamEyeRSmile\",\"SerializableLookAt\":false,\"SerializableParameterReverse\":false,\"SerializableSourceAxis\":0,\"SerializableWeight\":1.0},{\"SerializableParameterName\":\"ParamEyeRForm\",\"SerializableLookAt\":false,\"SerializableParameterReverse\":false,\"SerializableSourceAxis\":0,\"SerializableWeight\":1.0},{\"SerializableParameterName\":\"ParamEyeLOpen\",\"SerializableLookAt\":false,\"SerializableParameterReverse\":false,\"SerializableSourceAxis\":0,\"SerializableWeight\":1.0},{\"SerializableParameterName\":\"ParamEyeLSmile\",\"SerializableLookAt\":false,\"SerializableParameterReverse\":false,\"SerializableSourceAxis\":0,\"SerializableWeight\":1.0},{\"SerializableParameterName\":\"ParamEyeLForm\",\"SerializableLookAt\":false,\"SerializableParameterReverse\":false,\"SerializableSourceAxis\":0,\"SerializableWeight\":1.0},{\"SerializableParameterName\":\"ParamEyeballX\",\"SerializableLookAt\":false,\"SerializableParameterReverse\":false,\"SerializableSourceAxis\":1,\"SerializableWeight\":1.0},{\"SerializableParameterName\":\"ParamEyeballY\",\"SerializableLookAt\":false,\"SerializableParameterReverse\":false,\"SerializableSourceAxis\":1,\"SerializableWeight\":1.0},{\"SerializableParameterName\":\"ParamEyeSize\",\"SerializableLookAt\":false,\"SerializableParameterReverse\":false,\"SerializableSourceAxis\":0,\"SerializableWeight\":1.0},{\"SerializableParameterName\":\"ParamEyeTeary\",\"SerializableLookAt\":false,\"SerializableParameterReverse\":false,\"SerializableSourceAxis\":0,\"SerializableWeight\":1.0},{\"SerializableParameterName\":\"ParamTear\",\"SerializableLookAt\":false,\"SerializableParameterReverse\":false,\"SerializableSourceAxis\":0,\"SerializableWeight\":1.0},{\"SerializableParameterName\":\"ParamMouthForm\",\"SerializableLookAt\":false,\"SerializableParameterReverse\":false,\"SerializableSourceAxis\":0,\"SerializableWeight\":1.0},{\"SerializableParameterName\":\"ParamMouthOpenY\",\"SerializableLookAt\":false,\"SerializableParameterReverse\":false,\"SerializableSourceAxis\":0,\"SerializableWeight\":1.0},{\"SerializableParameterName\":\"ParamMouthForm2\",\"SerializableLookAt\":false,\"SerializableParameterReverse\":false,\"SerializableSourceAxis\":0,\"SerializableWeight\":1.0},{\"SerializableParameterName\":\"ParamTeeth\",\"SerializableLookAt\":false,\"SerializableParameterReverse\":false,\"SerializableSourceAxis\":0,\"SerializableWeight\":1.0},{\"SerializableParameterName\":\"ParamMouthScaleX\",\"SerializableLookAt\":false,\"SerializableParameterReverse\":false,\"SerializableSourceAxis\":0,\"SerializableWeight\":1.0},{\"SerializableParameterName\":\"ParamMouthScaleY\",\"SerializableLookAt\":false,\"SerializableParameterReverse\":false,\"SerializableSourceAxis\":0,\"SerializableWeight\":1.0},{\"SerializableParameterName\":\"ParamMouthPositionY\",\"SerializableLookAt\":false,\"SerializableParameterReverse\":false,\"SerializableSourceAxis\":0,\"SerializableWeight\":1.0},{\"SerializableParameterName\":\"ParamCheek\",\"SerializableLookAt\":false,\"SerializableParameterReverse\":false,\"SerializableSourceAxis\":0,\"SerializableWeight\":1.0},{\"SerializableParameterName\":\"ParamFaceShadow\",\"SerializableLookAt\":false,\"SerializableParameterReverse\":false,\"SerializableSourceAxis\":0,\"SerializableWeight\":1.0},{\"SerializableParameterName\":\"ParamCheekAngry\",\"SerializableLookAt\":false,\"SerializableParameterReverse\":false,\"SerializableSourceAxis\":0,\"SerializableWeight\":1.0},{\"SerializableParameterName\":\"ParamSweatOn\",\"SerializableLookAt\":false,\"SerializableParameterReverse\":false,\"SerializableSourceAxis\":0,\"SerializableWeight\":1.0},{\"SerializableParameterName\":\"ParamSweatMove\",\"SerializableLookAt\":false,\"SerializableParameterReverse\":false,\"SerializableSourceAxis\":0,\"SerializableWeight\":1.0},{\"SerializableParameterName\":\"ParamBodyAngleX\",\"SerializableLookAt\":true,\"SerializableParameterReverse\":false,\"SerializableSourceAxis\":0,\"SerializableWeight\":10.0},{\"SerializableParameterName\":\"ParamBodyAngleY\",\"SerializableLookAt\":true,\"SerializableParameterReverse\":false,\"SerializableSourceAxis\":1,\"SerializableWeight\":10.0},{\"SerializableParameterName\":\"ParamBodyAngleZ\",\"SerializableLookAt\":false,\"SerializableParameterReverse\":false,\"SerializableSourceAxis\":0,\"SerializableWeight\":1.0},{\"SerializableParameterName\":\"ParamUpperBodyZ\",\"SerializableLookAt\":false,\"SerializableParameterReverse\":false,\"SerializableSourceAxis\":0,\"SerializableWeight\":1.0},{\"SerializableParameterName\":\"ParamUpperBody\",\"SerializableLookAt\":false,\"SerializableParameterReverse\":false,\"SerializableSourceAxis\":0,\"SerializableWeight\":1.0},{\"SerializableParameterName\":\"ParamBreath\",\"SerializableLookAt\":false,\"SerializableParameterReverse\":false,\"SerializableSourceAxis\":0,\"SerializableWeight\":1.0},{\"SerializableParameterName\":\"ParamLegLZ\",\"SerializableLookAt\":false,\"SerializableParameterReverse\":false,\"SerializableSourceAxis\":0,\"SerializableWeight\":1.0},{\"SerializableParameterName\":\"ParamLegRZ\",\"SerializableLookAt\":false,\"SerializableParameterReverse\":false,\"SerializableSourceAxis\":0,\"SerializableWeight\":1.0},{\"SerializableParameterName\":\"ParamShoulderR\",\"SerializableLookAt\":false,\"SerializableParameterReverse\":false,\"SerializableSourceAxis\":0,\"SerializableWeight\":1.0},{\"SerializableParameterName\":\"ParamArmR1\",\"SerializableLookAt\":false,\"SerializableParameterReverse\":false,\"SerializableSourceAxis\":0,\"SerializableWeight\":1.0},{\"SerializableParameterName\":\"ParamArmR2\",\"SerializableLookAt\":false,\"SerializableParameterReverse\":false,\"SerializableSourceAxis\":0,\"SerializableWeight\":1.0},{\"SerializableParameterName\":\"ParamArmR3\",\"SerializableLookAt\":false,\"SerializableParameterReverse\":false,\"SerializableSourceAxis\":0,\"SerializableWeight\":1.0},{\"SerializableParameterName\":\"ParamArmR4\",\"SerializableLookAt\":false,\"SerializableParameterReverse\":false,\"SerializableSourceAxis\":0,\"SerializableWeight\":1.0},{\"SerializableParameterName\":\"ParamArmR5\",\"SerializableLookAt\":false,\"SerializableParameterReverse\":false,\"SerializableSourceAxis\":0,\"SerializableWeight\":1.0},{\"SerializableParameterName\":\"ParamArmR6\",\"SerializableLookAt\":false,\"SerializableParameterReverse\":false,\"SerializableSourceAxis\":0,\"SerializableWeight\":1.0},{\"SerializableParameterName\":\"ParamArmR7\",\"SerializableLookAt\":false,\"SerializableParameterReverse\":false,\"SerializableSourceAxis\":0,\"SerializableWeight\":1.0},{\"SerializableParameterName\":\"ParamArmR8\",\"SerializableLookAt\":false,\"SerializableParameterReverse\":false,\"SerializableSourceAxis\":0,\"SerializableWeight\":1.0},{\"SerializableParameterName\":\"ParamArmR9\",\"SerializableLookAt\":false,\"SerializableParameterReverse\":false,\"SerializableSourceAxis\":0,\"SerializableWeight\":1.0},{\"SerializableParameterName\":\"ParamHandRA\",\"SerializableLookAt\":false,\"SerializableParameterReverse\":false,\"SerializableSourceAxis\":0,\"SerializableWeight\":1.0},{\"SerializableParameterName\":\"ParamHandRB\",\"SerializableLookAt\":false,\"SerializableParameterReverse\":false,\"SerializableSourceAxis\":0,\"SerializableWeight\":1.0},{\"SerializableParameterName\":\"ParamHandRC\",\"SerializableLookAt\":false,\"SerializableParameterReverse\":false,\"SerializableSourceAxis\":0,\"SerializableWeight\":1.0},{\"SerializableParameterName\":\"ParamHandRD\",\"SerializableLookAt\":false,\"SerializableParameterReverse\":false,\"SerializableSourceAxis\":0,\"SerializableWeight\":1.0},{\"SerializableParameterName\":\"ParamHandRE\",\"SerializableLookAt\":false,\"SerializableParameterReverse\":false,\"SerializableSourceAxis\":0,\"SerializableWeight\":1.0},{\"SerializableParameterName\":\"ParamHandRF\",\"SerializableLookAt\":false,\"SerializableParameterReverse\":false,\"SerializableSourceAxis\":0,\"SerializableWeight\":1.0},{\"SerializableParameterName\":\"ParamHandRG\",\"SerializableLookAt\":false,\"SerializableParameterReverse\":false,\"SerializableSourceAxis\":0,\"SerializableWeight\":1.0},{\"SerializableParameterName\":\"ParamHandRH\",\"SerializableLookAt\":false,\"SerializableParameterReverse\":false,\"SerializableSourceAxis\":0,\"SerializableWeight\":1.0},{\"SerializableParameterName\":\"ParamHandRI\",\"SerializableLookAt\":false,\"SerializableParameterReverse\":false,\"SerializableSourceAxis\":0,\"SerializableWeight\":1.0},{\"SerializableParameterName\":\"ParamHandRJ\",\"SerializableLookAt\":false,\"SerializableParameterReverse\":false,\"SerializableSourceAxis\":0,\"SerializableWeight\":1.0},{\"SerializableParameterName\":\"ParamHandRK\",\"SerializableLookAt\":false,\"SerializableParameterReverse\":false,\"SerializableSourceAxis\":0,\"SerializableWeight\":1.0},{\"SerializableParameterName\":\"ParamFingerR\",\"SerializableLookAt\":false,\"SerializableParameterReverse\":false,\"SerializableSourceAxis\":0,\"SerializableWeight\":1.0},{\"SerializableParameterName\":\"ParamShoulderL\",\"SerializableLookAt\":false,\"SerializableParameterReverse\":false,\"SerializableSourceAxis\":0,\"SerializableWeight\":1.0},{\"SerializableParameterName\":\"ParamArmL1\",\"SerializableLookAt\":false,\"SerializableParameterReverse\":false,\"SerializableSourceAxis\":0,\"SerializableWeight\":60.0},{\"SerializableParameterName\":\"ParamArmL2\",\"SerializableLookAt\":false,\"SerializableParameterReverse\":false,\"SerializableSourceAxis\":0,\"SerializableWeight\":1.0},{\"SerializableParameterName\":\"ParamArmL3\",\"SerializableLookAt\":false,\"SerializableParameterReverse\":false,\"SerializableSourceAxis\":0,\"SerializableWeight\":1.0},{\"SerializableParameterName\":\"ParamArmL4\",\"SerializableLookAt\":false,\"SerializableParameterReverse\":false,\"SerializableSourceAxis\":0,\"SerializableWeight\":1.0},{\"SerializableParameterName\":\"ParamArmL5\",\"SerializableLookAt\":false,\"SerializableParameterReverse\":false,\"SerializableSourceAxis\":0,\"SerializableWeight\":1.0},{\"SerializableParameterName\":\"ParamArmL6\",\"SerializableLookAt\":false,\"SerializableParameterReverse\":false,\"SerializableSourceAxis\":0,\"SerializableWeight\":1.0},{\"SerializableParameterName\":\"ParamArmL7\",\"SerializableLookAt\":false,\"SerializableParameterReverse\":false,\"SerializableSourceAxis\":0,\"SerializableWeight\":1.0},{\"SerializableParameterName\":\"ParamArmL8\",\"SerializableLookAt\":false,\"SerializableParameterReverse\":false,\"SerializableSourceAxis\":0,\"SerializableWeight\":1.0},{\"SerializableParameterName\":\"ParamArmL9\",\"SerializableLookAt\":false,\"SerializableParameterReverse\":false,\"SerializableSourceAxis\":0,\"SerializableWeight\":1.0},{\"SerializableParameterName\":\"ParamHandLA\",\"SerializableLookAt\":false,\"SerializableParameterReverse\":false,\"SerializableSourceAxis\":0,\"SerializableWeight\":1.0},{\"SerializableParameterName\":\"ParamHandLB\",\"SerializableLookAt\":false,\"SerializableParameterReverse\":false,\"SerializableSourceAxis\":0,\"SerializableWeight\":1.0},{\"SerializableParameterName\":\"ParamHandLC\",\"SerializableLookAt\":false,\"SerializableParameterReverse\":false,\"SerializableSourceAxis\":0,\"SerializableWeight\":1.0},{\"SerializableParameterName\":\"ParamHandLD\",\"SerializableLookAt\":false,\"SerializableParameterReverse\":false,\"SerializableSourceAxis\":0,\"SerializableWeight\":1.0},{\"SerializableParameterName\":\"ParamHandLE\",\"SerializableLookAt\":false,\"SerializableParameterReverse\":false,\"SerializableSourceAxis\":0,\"SerializableWeight\":1.0},{\"SerializableParameterName\":\"ParamHandLF\",\"SerializableLookAt\":false,\"SerializableParameterReverse\":false,\"SerializableSourceAxis\":0,\"SerializableWeight\":1.0},{\"SerializableParameterName\":\"ParamHandLG\",\"SerializableLookAt\":false,\"SerializableParameterReverse\":false,\"SerializableSourceAxis\":0,\"SerializableWeight\":1.0},{\"SerializableParameterName\":\"ParamHandLH\",\"SerializableLookAt\":false,\"SerializableParameterReverse\":false,\"SerializableSourceAxis\":0,\"SerializableWeight\":1.0},{\"SerializableParameterName\":\"ParamHandLI\",\"SerializableLookAt\":false,\"SerializableParameterReverse\":false,\"SerializableSourceAxis\":0,\"SerializableWeight\":1.0},{\"SerializableParameterName\":\"ParamHandLJ\",\"SerializableLookAt\":false,\"SerializableParameterReverse\":false,\"SerializableSourceAxis\":0,\"SerializableWeight\":1.0},{\"SerializableParameterName\":\"ParamHandLK\",\"SerializableLookAt\":false,\"SerializableParameterReverse\":false,\"SerializableSourceAxis\":0,\"SerializableWeight\":1.0},{\"SerializableParameterName\":\"ParamFingerL\",\"SerializableLookAt\":false,\"SerializableParameterReverse\":false,\"SerializableSourceAxis\":0,\"SerializableWeight\":1.0},{\"SerializableParameterName\":\"ParamHeadHangZ\",\"SerializableLookAt\":false,\"SerializableParameterReverse\":false,\"SerializableSourceAxis\":0,\"SerializableWeight\":1.0},{\"SerializableParameterName\":\"ParamBodyHangZ\",\"SerializableLookAt\":false,\"SerializableParameterReverse\":false,\"SerializableSourceAxis\":0,\"SerializableWeight\":1.0},{\"SerializableParameterName\":\"ParamHairFront\",\"SerializableLookAt\":false,\"SerializableParameterReverse\":false,\"SerializableSourceAxis\":0,\"SerializableWeight\":1.0},{\"SerializableParameterName\":\"ParamHairSide\",\"SerializableLookAt\":false,\"SerializableParameterReverse\":false,\"SerializableSourceAxis\":0,\"SerializableWeight\":1.0},{\"SerializableParameterName\":\"ParamHairBack\",\"SerializableLookAt\":false,\"SerializableParameterReverse\":false,\"SerializableSourceAxis\":0,\"SerializableWeight\":1.0},{\"SerializableParameterName\":\"ParamHairHuwa\",\"SerializableLookAt\":false,\"SerializableParameterReverse\":false,\"SerializableSourceAxis\":0,\"SerializableWeight\":1.0},{\"SerializableParameterName\":\"ParamBustX\",\"SerializableLookAt\":false,\"SerializableParameterReverse\":false,\"SerializableSourceAxis\":0,\"SerializableWeight\":1.0},{\"SerializableParameterName\":\"ParamBustY\",\"SerializableLookAt\":false,\"SerializableParameterReverse\":false,\"SerializableSourceAxis\":0,\"SerializableWeight\":1.0},{\"SerializableParameterName\":\"ParamBodyFuwa\",\"SerializableLookAt\":false,\"SerializableParameterReverse\":false,\"SerializableSourceAxis\":0,\"SerializableWeight\":1.0},{\"SerializableParameterName\":\"ParamCardiganFuwa\",\"SerializableLookAt\":false,\"SerializableParameterReverse\":false,\"SerializableSourceAxis\":0,\"SerializableWeight\":1.0},{\"SerializableParameterName\":\"ParamCardiganSwing\",\"SerializableLookAt\":false,\"SerializableParameterReverse\":false,\"SerializableSourceAxis\":0,\"SerializableWeight\":1.0},{\"SerializableParameterName\":\"ParamBodySwingA\",\"SerializableLookAt\":false,\"SerializableParameterReverse\":false,\"SerializableSourceAxis\":0,\"SerializableWeight\":1.0},{\"SerializableParameterName\":\"ParamBodySwingB\",\"SerializableLookAt\":false,\"SerializableParameterReverse\":false,\"SerializableSourceAxis\":0,\"SerializableWeight\":1.0},{\"SerializableParameterName\":\"ParamSkirtFuwa\",\"SerializableLookAt\":false,\"SerializableParameterReverse\":false,\"SerializableSourceAxis\":0,\"SerializableWeight\":1.0},{\"SerializableParameterName\":\"ParamSkirtSwing\",\"SerializableLookAt\":false,\"SerializableParameterReverse\":false,\"SerializableSourceAxis\":0,\"SerializableWeight\":1.0},{\"SerializableParameterName\":\"ParamSize\",\"SerializableLookAt\":false,\"SerializableParameterReverse\":false,\"SerializableSourceAxis\":0,\"SerializableWeight\":1.0}],\"Enabled\":true}"},{"TypeName":"447842ebcacf919d0b94f2b73ecb5753","SerializedContents":"{\"Enabled\":true,\"BackgroundColor\":{\"r\":1.0,\"g\":1.0,\"b\":1.0,\"a\":1.0}}"},{"TypeName":"99a778f0e980e17fdbafa55a8fbe30ef","SerializedContents":""},{"TypeName":"33e55cc25f6826c438e1bb009c2ba93e","SerializedContents":"{\"Drawables\":[{\"Id\":\"ArtMesh178\",\"MultiplyColor\":{\"r\":1.0,\"g\":1.0,\"b\":1.0,\"a\":1.0},\"ScreenColor\":{\"r\":0.0,\"g\":0.0,\"b\":0.0,\"a\":1.0}},{\"Id\":\"ArtMesh18\",\"MultiplyColor\":{\"r\":1.0,\"g\":1.0,\"b\":1.0,\"a\":1.0},\"ScreenColor\":{\"r\":0.0,\"g\":0.0,\"b\":0.0,\"a\":1.0}},{\"Id\":\"ArtMesh203\",\"MultiplyColor\":{\"r\":1.0,\"g\":1.0,\"b\":1.0,\"a\":1.0},\"ScreenColor\":{\"r\":0.0,\"g\":0.0,\"b\":0.0,\"a\":1.0}},{\"Id\":\"ArtMesh192\",\"MultiplyColor\":{\"r\":1.0,\"g\":1.0,\"b\":1.0,\"a\":1.0},\"ScreenColor\":{\"r\":0.0,\"g\":0.0,\"b\":0.0,\"a\":1.0}},{\"Id\":\"ArtMesh193\",\"MultiplyColor\":{\"r\":1.0,\"g\":1.0,\"b\":1.0,\"a\":1.0},\"ScreenColor\":{\"r\":0.0,\"g\":0.0,\"b\":0.0,\"a\":1.0}},{\"Id\":\"ArtMesh196\",\"MultiplyColor\":{\"r\":1.0,\"g\":1.0,\"b\":1.0,\"a\":1.0},\"ScreenColor\":{\"r\":0.0,\"g\":0.0,\"b\":0.0,\"a\":1.0}},{\"Id\":\"ArtMesh197\",\"MultiplyColor\":{\"r\":1.0,\"g\":1.0,\"b\":1.0,\"a\":1.0},\"ScreenColor\":{\"r\":0.0,\"g\":0.0,\"b\":0.0,\"a\":1.0}},{\"Id\":\"ArtMesh6\",\"MultiplyColor\":{\"r\":1.0,\"g\":1.0,\"b\":1.0,\"a\":1.0},\"ScreenColor\":{\"r\":0.0,\"g\":0.0,\"b\":0.0,\"a\":1.0}},{\"Id\":\"ArtMesh5\",\"MultiplyColor\":{\"r\":1.0,\"g\":1.0,\"b\":1.0,\"a\":1.0},\"ScreenColor\":{\"r\":0.0,\"g\":0.0,\"b\":0.0,\"a\":1.0}},{\"Id\":\"ArtMesh7\",\"MultiplyColor\":{\"r\":1.0,\"g\":1.0,\"b\":1.0,\"a\":1.0},\"ScreenColor\":{\"r\":0.0,\"g\":0.0,\"b\":0.0,\"a\":1.0}},{\"Id\":\"ArtMesh8\",\"MultiplyColor\":{\"r\":1.0,\"g\":1.0,\"b\":1.0,\"a\":1.0},\"ScreenColor\":{\"r\":0.0,\"g\":0.0,\"b\":0.0,\"a\":1.0}},{\"Id\":\"ArtMesh11\",\"MultiplyColor\":{\"r\":1.0,\"g\":1.0,\"b\":1.0,\"a\":1.0},\"ScreenColor\":{\"r\":0.0,\"g\":0.0,\"b\":0.0,\"a\":1.0}},{\"Id\":\"ArtMesh14\",\"MultiplyColor\":{\"r\":1.0,\"g\":1.0,\"b\":1.0,\"a\":1.0},\"ScreenColor\":{\"r\":0.0,\"g\":0.0,\"b\":0.0,\"a\":1.0}},{\"Id\":\"ArtMesh199\",\"MultiplyColor\":{\"r\":1.0,\"g\":1.0,\"b\":1.0,\"a\":1.0},\"ScreenColor\":{\"r\":0.0,\"g\":0.0,\"b\":0.0,\"a\":1.0}},{\"Id\":\"ArtMesh202\",\"MultiplyColor\":{\"r\":1.0,\"g\":1.0,\"b\":1.0,\"a\":1.0},\"ScreenColor\":{\"r\":0.0,\"g\":0.0,\"b\":0.0,\"a\":1.0}},{\"Id\":\"ArtMesh160\",\"MultiplyColor\":{\"r\":1.0,\"g\":1.0,\"b\":1.0,\"a\":1.0},\"ScreenColor\":{\"r\":0.0,\"g\":0.0,\"b\":0.0,\"a\":1.0}},{\"Id\":\"ArtMesh198\",\"MultiplyColor\":{\"r\":1.0,\"g\":1.0,\"b\":1.0,\"a\":1.0},\"ScreenColor\":{\"r\":0.0,\"g\":0.0,\"b\":0.0,\"a\":1.0}},{\"Id\":\"ArtMesh19\",\"MultiplyColor\":{\"r\":1.0,\"g\":1.0,\"b\":1.0,\"a\":1.0},\"ScreenColor\":{\"r\":0.0,\"g\":0.0,\"b\":0.0,\"a\":1.0}},{\"Id\":\"ArtMesh185\",\"MultiplyColor\":{\"r\":1.0,\"g\":1.0,\"b\":1.0,\"a\":1.0},\"ScreenColor\":{\"r\":0.0,\"g\":0.0,\"b\":0.0,\"a\":1.0}},{\"Id\":\"ArtMesh186\",\"MultiplyColor\":{\"r\":1.0,\"g\":1.0,\"b\":1.0,\"a\":1.0},\"ScreenColor\":{\"r\":0.0,\"g\":0.0,\"b\":0.0,\"a\":1.0}},{\"Id\":\"ArtMesh162\",\"MultiplyColor\":{\"r\":1.0,\"g\":1.0,\"b\":1.0,\"a\":1.0},\"ScreenColor\":{\"r\":0.0,\"g\":0.0,\"b\":0.0,\"a\":1.0}},{\"Id\":\"ArtMesh212\",\"MultiplyColor\":{\"r\":1.0,\"g\":1.0,\"b\":1.0,\"a\":1.0},\"ScreenColor\":{\"r\":0.0,\"g\":0.0,\"b\":0.0,\"a\":1.0}},{\"Id\":\"ArtMesh211\",\"MultiplyColor\":{\"r\":1.0,\"g\":1.0,\"b\":1.0,\"a\":1.0},\"ScreenColor\":{\"r\":0.0,\"g\":0.0,\"b\":0.0,\"a\":1.0}},{\"Id\":\"ArtMesh\",\"MultiplyColor\":{\"r\":1.0,\"g\":1.0,\"b\":1.0,\"a\":1.0},\"ScreenColor\":{\"r\":0.0,\"g\":0.0,\"b\":0.0,\"a\":1.0}},{\"Id\":\"ArtMesh159\",\"MultiplyColor\":{\"r\":1.0,\"g\":1.0,\"b\":1.0,\"a\":1.0},\"ScreenColor\":{\"r\":0.0,\"g\":0.0,\"b\":0.0,\"a\":1.0}},{\"Id\":\"ArtMesh163\",\"MultiplyColor\":{\"r\":1.0,\"g\":1.0,\"b\":1.0,\"a\":1.0},\"ScreenColor\":{\"r\":0.0,\"g\":0.0,\"b\":0.0,\"a\":1.0}},{\"Id\":\"ArtMesh12\",\"MultiplyColor\":{\"r\":1.0,\"g\":1.0,\"b\":1.0,\"a\":1.0},\"ScreenColor\":{\"r\":0.0,\"g\":0.0,\"b\":0.0,\"a\":1.0}},{\"Id\":\"ArtMesh115\",\"MultiplyColor\":{\"r\":1.0,\"g\":1.0,\"b\":1.0,\"a\":1.0},\"ScreenColor\":{\"r\":0.0,\"g\":0.0,\"b\":0.0,\"a\":1.0}},{\"Id\":\"ArtMesh201\",\"MultiplyColor\":{\"r\":1.0,\"g\":1.0,\"b\":1.0,\"a\":1.0},\"ScreenColor\":{\"r\":0.0,\"g\":0.0,\"b\":0.0,\"a\":1.0}},{\"Id\":\"ArtMesh205\",\"MultiplyColor\":{\"r\":1.0,\"g\":1.0,\"b\":1.0,\"a\":1.0},\"ScreenColor\":{\"r\":0.0,\"g\":0.0,\"b\":0.0,\"a\":1.0}},{\"Id\":\"ArtMesh117\",\"MultiplyColor\":{\"r\":1.0,\"g\":1.0,\"b\":1.0,\"a\":1.0},\"ScreenColor\":{\"r\":0.0,\"g\":0.0,\"b\":0.0,\"a\":1.0}},{\"Id\":\"ArtMesh209\",\"MultiplyColor\":{\"r\":1.0,\"g\":1.0,\"b\":1.0,\"a\":1.0},\"ScreenColor\":{\"r\":0.0,\"g\":0.0,\"b\":0.0,\"a\":1.0}},{\"Id\":\"ArtMesh16\",\"MultiplyColor\":{\"r\":1.0,\"g\":1.0,\"b\":1.0,\"a\":1.0},\"ScreenColor\":{\"r\":0.0,\"g\":0.0,\"b\":0.0,\"a\":1.0}},{\"Id\":\"ArtMesh23\",\"MultiplyColor\":{\"r\":1.0,\"g\":1.0,\"b\":1.0,\"a\":1.0},\"ScreenColor\":{\"r\":0.0,\"g\":0.0,\"b\":0.0,\"a\":1.0}},{\"Id\":\"ArtMesh207\",\"MultiplyColor\":{\"r\":1.0,\"g\":1.0,\"b\":1.0,\"a\":1.0},\"ScreenColor\":{\"r\":0.0,\"g\":0.0,\"b\":0.0,\"a\":1.0}},{\"Id\":\"ArtMesh188\",\"MultiplyColor\":{\"r\":1.0,\"g\":1.0,\"b\":1.0,\"a\":1.0},\"ScreenColor\":{\"r\":0.0,\"g\":0.0,\"b\":0.0,\"a\":1.0}},{\"Id\":\"ArtMesh187\",\"MultiplyColor\":{\"r\":1.0,\"g\":1.0,\"b\":1.0,\"a\":1.0},\"ScreenColor\":{\"r\":0.0,\"g\":0.0,\"b\":0.0,\"a\":1.0}},{\"Id\":\"ArtMesh206\",\"MultiplyColor\":{\"r\":1.0,\"g\":1.0,\"b\":1.0,\"a\":1.0},\"ScreenColor\":{\"r\":0.0,\"g\":0.0,\"b\":0.0,\"a\":1.0}},{\"Id\":\"ArtMesh204\",\"MultiplyColor\":{\"r\":1.0,\"g\":1.0,\"b\":1.0,\"a\":1.0},\"ScreenColor\":{\"r\":0.0,\"g\":0.0,\"b\":0.0,\"a\":1.0}},{\"Id\":\"ArtMesh25\",\"MultiplyColor\":{\"r\":1.0,\"g\":1.0,\"b\":1.0,\"a\":1.0},\"ScreenColor\":{\"r\":0.0,\"g\":0.0,\"b\":0.0,\"a\":1.0}},{\"Id\":\"ArtMesh46\",\"MultiplyColor\":{\"r\":1.0,\"g\":1.0,\"b\":1.0,\"a\":1.0},\"ScreenColor\":{\"r\":0.0,\"g\":0.0,\"b\":0.0,\"a\":1.0}},{\"Id\":\"ArtMesh22\",\"MultiplyColor\":{\"r\":1.0,\"g\":1.0,\"b\":1.0,\"a\":1.0},\"ScreenColor\":{\"r\":0.0,\"g\":0.0,\"b\":0.0,\"a\":1.0}},{\"Id\":\"ArtMesh132\",\"MultiplyColor\":{\"r\":1.0,\"g\":1.0,\"b\":1.0,\"a\":1.0},\"ScreenColor\":{\"r\":0.0,\"g\":0.0,\"b\":0.0,\"a\":1.0}},{\"Id\":\"ArtMesh24\",\"MultiplyColor\":{\"r\":1.0,\"g\":1.0,\"b\":1.0,\"a\":1.0},\"ScreenColor\":{\"r\":0.0,\"g\":0.0,\"b\":0.0,\"a\":1.0}},{\"Id\":\"ArtMesh17\",\"MultiplyColor\":{\"r\":1.0,\"g\":1.0,\"b\":1.0,\"a\":1.0},\"ScreenColor\":{\"r\":0.0,\"g\":0.0,\"b\":0.0,\"a\":1.0}},{\"Id\":\"ArtMesh104\",\"MultiplyColor\":{\"r\":1.0,\"g\":1.0,\"b\":1.0,\"a\":1.0},\"ScreenColor\":{\"r\":0.0,\"g\":0.0,\"b\":0.0,\"a\":1.0}},{\"Id\":\"ArtMesh103\",\"MultiplyColor\":{\"r\":1.0,\"g\":1.0,\"b\":1.0,\"a\":1.0},\"ScreenColor\":{\"r\":0.0,\"g\":0.0,\"b\":0.0,\"a\":1.0}},{\"Id\":\"ArtMesh151\",\"MultiplyColor\":{\"r\":1.0,\"g\":1.0,\"b\":1.0,\"a\":1.0},\"ScreenColor\":{\"r\":0.0,\"g\":0.0,\"b\":0.0,\"a\":1.0}},{\"Id\":\"face\",\"MultiplyColor\":{\"r\":1.0,\"g\":1.0,\"b\":1.0,\"a\":1.0},\"ScreenColor\":{\"r\":0.0,\"g\":0.0,\"b\":0.0,\"a\":1.0}},{\"Id\":\"ArtMesh69\",\"MultiplyColor\":{\"r\":1.0,\"g\":1.0,\"b\":1.0,\"a\":1.0},\"ScreenColor\":{\"r\":0.0,\"g\":0.0,\"b\":0.0,\"a\":1.0}},{\"Id\":\"ArtMesh143\",\"MultiplyColor\":{\"r\":1.0,\"g\":1.0,\"b\":1.0,\"a\":1.0},\"ScreenColor\":{\"r\":0.0,\"g\":0.0,\"b\":0.0,\"a\":1.0}},{\"Id\":\"ArtMesh101\",\"MultiplyColor\":{\"r\":1.0,\"g\":1.0,\"b\":1.0,\"a\":1.0},\"ScreenColor\":{\"r\":0.0,\"g\":0.0,\"b\":0.0,\"a\":1.0}},{\"Id\":\"ArtMesh70\",\"MultiplyColor\":{\"r\":1.0,\"g\":1.0,\"b\":1.0,\"a\":1.0},\"ScreenColor\":{\"r\":0.0,\"g\":0.0,\"b\":0.0,\"a\":1.0}},{\"Id\":\"ArtMesh153\",\"MultiplyColor\":{\"r\":1.0,\"g\":1.0,\"b\":1.0,\"a\":1.0},\"ScreenColor\":{\"r\":0.0,\"g\":0.0,\"b\":0.0,\"a\":1.0}},{\"Id\":\"ArtMesh142\",\"MultiplyColor\":{\"r\":1.0,\"g\":1.0,\"b\":1.0,\"a\":1.0},\"ScreenColor\":{\"r\":0.0,\"g\":0.0,\"b\":0.0,\"a\":1.0}},{\"Id\":\"ArtMesh141\",\"MultiplyColor\":{\"r\":1.0,\"g\":1.0,\"b\":1.0,\"a\":1.0},\"ScreenColor\":{\"r\":0.0,\"g\":0.0,\"b\":0.0,\"a\":1.0}},{\"Id\":\"ArtMesh152\",\"MultiplyColor\":{\"r\":1.0,\"g\":1.0,\"b\":1.0,\"a\":1.0},\"ScreenColor\":{\"r\":0.0,\"g\":0.0,\"b\":0.0,\"a\":1.0}},{\"Id\":\"ArtMesh68\",\"MultiplyColor\":{\"r\":1.0,\"g\":1.0,\"b\":1.0,\"a\":1.0},\"ScreenColor\":{\"r\":0.0,\"g\":0.0,\"b\":0.0,\"a\":1.0}},{\"Id\":\"ArtMesh67\",\"MultiplyColor\":{\"r\":1.0,\"g\":1.0,\"b\":1.0,\"a\":1.0},\"ScreenColor\":{\"r\":0.0,\"g\":0.0,\"b\":0.0,\"a\":1.0}},{\"Id\":\"ArtMesh66\",\"MultiplyColor\":{\"r\":1.0,\"g\":1.0,\"b\":1.0,\"a\":1.0},\"ScreenColor\":{\"r\":0.0,\"g\":0.0,\"b\":0.0,\"a\":1.0}},{\"Id\":\"ArtMesh65\",\"MultiplyColor\":{\"r\":1.0,\"g\":1.0,\"b\":1.0,\"a\":1.0},\"ScreenColor\":{\"r\":0.0,\"g\":0.0,\"b\":0.0,\"a\":1.0}},{\"Id\":\"ArtMesh54\",\"MultiplyColor\":{\"r\":1.0,\"g\":1.0,\"b\":1.0,\"a\":1.0},\"ScreenColor\":{\"r\":0.0,\"g\":0.0,\"b\":0.0,\"a\":1.0}},{\"Id\":\"ArtMesh45\",\"MultiplyColor\":{\"r\":1.0,\"g\":1.0,\"b\":1.0,\"a\":1.0},\"ScreenColor\":{\"r\":0.0,\"g\":0.0,\"b\":0.0,\"a\":1.0}},{\"Id\":\"ArtMesh36\",\"MultiplyColor\":{\"r\":1.0,\"g\":1.0,\"b\":1.0,\"a\":1.0},\"ScreenColor\":{\"r\":0.0,\"g\":0.0,\"b\":0.0,\"a\":1.0}},{\"Id\":\"ArtMesh145\",\"MultiplyColor\":{\"r\":1.0,\"g\":1.0,\"b\":1.0,\"a\":1.0},\"ScreenColor\":{\"r\":0.0,\"g\":0.0,\"b\":0.0,\"a\":1.0}},{\"Id\":\"ArtMesh33\",\"MultiplyColor\":{\"r\":1.0,\"g\":1.0,\"b\":1.0,\"a\":1.0},\"ScreenColor\":{\"r\":0.0,\"g\":0.0,\"b\":0.0,\"a\":1.0}},{\"Id\":\"ArtMesh32\",\"MultiplyColor\":{\"r\":1.0,\"g\":1.0,\"b\":1.0,\"a\":1.0},\"ScreenColor\":{\"r\":0.0,\"g\":0.0,\"b\":0.0,\"a\":1.0}},{\"Id\":\"ArtMesh144\",\"MultiplyColor\":{\"r\":1.0,\"g\":1.0,\"b\":1.0,\"a\":1.0},\"ScreenColor\":{\"r\":0.0,\"g\":0.0,\"b\":0.0,\"a\":1.0}},{\"Id\":\"ArtMesh72\",\"MultiplyColor\":{\"r\":1.0,\"g\":1.0,\"b\":1.0,\"a\":1.0},\"ScreenColor\":{\"r\":0.0,\"g\":0.0,\"b\":0.0,\"a\":1.0}},{\"Id\":\"ArtMesh149\",\"MultiplyColor\":{\"r\":1.0,\"g\":1.0,\"b\":1.0,\"a\":1.0},\"ScreenColor\":{\"r\":0.0,\"g\":0.0,\"b\":0.0,\"a\":1.0}},{\"Id\":\"ArtMesh71\",\"MultiplyColor\":{\"r\":1.0,\"g\":1.0,\"b\":1.0,\"a\":1.0},\"ScreenColor\":{\"r\":0.0,\"g\":0.0,\"b\":0.0,\"a\":1.0}},{\"Id\":\"ArtMesh29\",\"MultiplyColor\":{\"r\":1.0,\"g\":1.0,\"b\":1.0,\"a\":1.0},\"ScreenColor\":{\"r\":0.0,\"g\":0.0,\"b\":0.0,\"a\":1.0}},{\"Id\":\"ArtMesh30\",\"MultiplyColor\":{\"r\":1.0,\"g\":1.0,\"b\":1.0,\"a\":1.0},\"ScreenColor\":{\"r\":0.0,\"g\":0.0,\"b\":0.0,\"a\":1.0}},{\"Id\":\"ArtMesh31\",\"MultiplyColor\":{\"r\":1.0,\"g\":1.0,\"b\":1.0,\"a\":1.0},\"ScreenColor\":{\"r\":0.0,\"g\":0.0,\"b\":0.0,\"a\":1.0}},{\"Id\":\"ArtMesh35\",\"MultiplyColor\":{\"r\":1.0,\"g\":1.0,\"b\":1.0,\"a\":1.0},\"ScreenColor\":{\"r\":0.0,\"g\":0.0,\"b\":0.0,\"a\":1.0}},{\"Id\":\"ArtMesh15\",\"MultiplyColor\":{\"r\":1.0,\"g\":1.0,\"b\":1.0,\"a\":1.0},\"ScreenColor\":{\"r\":0.0,\"g\":0.0,\"b\":0.0,\"a\":1.0}},{\"Id\":\"ArtMesh231\",\"MultiplyColor\":{\"r\":1.0,\"g\":1.0,\"b\":1.0,\"a\":1.0},\"ScreenColor\":{\"r\":0.0,\"g\":0.0,\"b\":0.0,\"a\":1.0}},{\"Id\":\"ArtMesh130\",\"MultiplyColor\":{\"r\":1.0,\"g\":1.0,\"b\":1.0,\"a\":1.0},\"ScreenColor\":{\"r\":0.0,\"g\":0.0,\"b\":0.0,\"a\":1.0}},{\"Id\":\"ArtMesh158\",\"MultiplyColor\":{\"r\":1.0,\"g\":1.0,\"b\":1.0,\"a\":1.0},\"ScreenColor\":{\"r\":0.0,\"g\":0.0,\"b\":0.0,\"a\":1.0}},{\"Id\":\"ArtMesh243\",\"MultiplyColor\":{\"r\":1.0,\"g\":1.0,\"b\":1.0,\"a\":1.0},\"ScreenColor\":{\"r\":0.0,\"g\":0.0,\"b\":0.0,\"a\":1.0}},{\"Id\":\"ArtMesh219\",\"MultiplyColor\":{\"r\":1.0,\"g\":1.0,\"b\":1.0,\"a\":1.0},\"ScreenColor\":{\"r\":0.0,\"g\":0.0,\"b\":0.0,\"a\":1.0}},{\"Id\":\"ArtMesh230\",\"MultiplyColor\":{\"r\":1.0,\"g\":1.0,\"b\":1.0,\"a\":1.0},\"ScreenColor\":{\"r\":0.0,\"g\":0.0,\"b\":0.0,\"a\":1.0}},{\"Id\":\"ArtMesh242\",\"MultiplyColor\":{\"r\":1.0,\"g\":1.0,\"b\":1.0,\"a\":1.0},\"ScreenColor\":{\"r\":0.0,\"g\":0.0,\"b\":0.0,\"a\":1.0}},{\"Id\":\"ArtMesh229\",\"MultiplyColor\":{\"r\":1.0,\"g\":1.0,\"b\":1.0,\"a\":1.0},\"ScreenColor\":{\"r\":0.0,\"g\":0.0,\"b\":0.0,\"a\":1.0}},{\"Id\":\"ArtMesh241\",\"MultiplyColor\":{\"r\":1.0,\"g\":1.0,\"b\":1.0,\"a\":1.0},\"ScreenColor\":{\"r\":0.0,\"g\":0.0,\"b\":0.0,\"a\":1.0}},{\"Id\":\"ArtMesh240\",\"MultiplyColor\":{\"r\":1.0,\"g\":1.0,\"b\":1.0,\"a\":1.0},\"ScreenColor\":{\"r\":0.0,\"g\":0.0,\"b\":0.0,\"a\":1.0}},{\"Id\":\"ArtMesh218\",\"MultiplyColor\":{\"r\":1.0,\"g\":1.0,\"b\":1.0,\"a\":1.0},\"ScreenColor\":{\"r\":0.0,\"g\":0.0,\"b\":0.0,\"a\":1.0}},{\"Id\":\"ArtMesh116\",\"MultiplyColor\":{\"r\":1.0,\"g\":1.0,\"b\":1.0,\"a\":1.0},\"ScreenColor\":{\"r\":0.0,\"g\":0.0,\"b\":0.0,\"a\":1.0}},{\"Id\":\"ArtMesh120\",\"MultiplyColor\":{\"r\":1.0,\"g\":1.0,\"b\":1.0,\"a\":1.0},\"ScreenColor\":{\"r\":0.0,\"g\":0.0,\"b\":0.0,\"a\":1.0}},{\"Id\":\"ArtMesh239\",\"MultiplyColor\":{\"r\":1.0,\"g\":1.0,\"b\":1.0,\"a\":1.0},\"ScreenColor\":{\"r\":0.0,\"g\":0.0,\"b\":0.0,\"a\":1.0}},{\"Id\":\"ArtMesh217\",\"MultiplyColor\":{\"r\":1.0,\"g\":1.0,\"b\":1.0,\"a\":1.0},\"ScreenColor\":{\"r\":0.0,\"g\":0.0,\"b\":0.0,\"a\":1.0}},{\"Id\":\"ArtMesh216\",\"MultiplyColor\":{\"r\":1.0,\"g\":1.0,\"b\":1.0,\"a\":1.0},\"ScreenColor\":{\"r\":0.0,\"g\":0.0,\"b\":0.0,\"a\":1.0}},{\"Id\":\"ArtMesh238\",\"MultiplyColor\":{\"r\":1.0,\"g\":1.0,\"b\":1.0,\"a\":1.0},\"ScreenColor\":{\"r\":0.0,\"g\":0.0,\"b\":0.0,\"a\":1.0}},{\"Id\":\"ArtMesh157\",\"MultiplyColor\":{\"r\":1.0,\"g\":1.0,\"b\":1.0,\"a\":1.0},\"ScreenColor\":{\"r\":0.0,\"g\":0.0,\"b\":0.0,\"a\":1.0}},{\"Id\":\"ArtMesh85\",\"MultiplyColor\":{\"r\":1.0,\"g\":1.0,\"b\":1.0,\"a\":1.0},\"ScreenColor\":{\"r\":0.0,\"g\":0.0,\"b\":0.0,\"a\":1.0}},{\"Id\":\"ArtMesh237\",\"MultiplyColor\":{\"r\":1.0,\"g\":1.0,\"b\":1.0,\"a\":1.0},\"ScreenColor\":{\"r\":0.0,\"g\":0.0,\"b\":0.0,\"a\":1.0}},{\"Id\":\"ArtMesh13\",\"MultiplyColor\":{\"r\":1.0,\"g\":1.0,\"b\":1.0,\"a\":1.0},\"ScreenColor\":{\"r\":0.0,\"g\":0.0,\"b\":0.0,\"a\":1.0}},{\"Id\":\"ArtMesh215\",\"MultiplyColor\":{\"r\":1.0,\"g\":1.0,\"b\":1.0,\"a\":1.0},\"ScreenColor\":{\"r\":0.0,\"g\":0.0,\"b\":0.0,\"a\":1.0}},{\"Id\":\"ArtMesh118\",\"MultiplyColor\":{\"r\":1.0,\"g\":1.0,\"b\":1.0,\"a\":1.0},\"ScreenColor\":{\"r\":0.0,\"g\":0.0,\"b\":0.0,\"a\":1.0}},{\"Id\":\"ArtMesh156\",\"MultiplyColor\":{\"r\":1.0,\"g\":1.0,\"b\":1.0,\"a\":1.0},\"ScreenColor\":{\"r\":0.0,\"g\":0.0,\"b\":0.0,\"a\":1.0}},{\"Id\":\"ArtMesh234\",\"MultiplyColor\":{\"r\":1.0,\"g\":1.0,\"b\":1.0,\"a\":1.0},\"ScreenColor\":{\"r\":0.0,\"g\":0.0,\"b\":0.0,\"a\":1.0}},{\"Id\":\"ArtMesh155\",\"MultiplyColor\":{\"r\":1.0,\"g\":1.0,\"b\":1.0,\"a\":1.0},\"ScreenColor\":{\"r\":0.0,\"g\":0.0,\"b\":0.0,\"a\":1.0}},{\"Id\":\"ArtMesh81\",\"MultiplyColor\":{\"r\":1.0,\"g\":1.0,\"b\":1.0,\"a\":1.0},\"ScreenColor\":{\"r\":0.0,\"g\":0.0,\"b\":0.0,\"a\":1.0}},{\"Id\":\"ArtMesh223\",\"MultiplyColor\":{\"r\":1.0,\"g\":1.0,\"b\":1.0,\"a\":1.0},\"ScreenColor\":{\"r\":0.0,\"g\":0.0,\"b\":0.0,\"a\":1.0}},{\"Id\":\"ArtMesh134\",\"MultiplyColor\":{\"r\":1.0,\"g\":1.0,\"b\":1.0,\"a\":1.0},\"ScreenColor\":{\"r\":0.0,\"g\":0.0,\"b\":0.0,\"a\":1.0}},{\"Id\":\"ArtMesh214\",\"MultiplyColor\":{\"r\":1.0,\"g\":1.0,\"b\":1.0,\"a\":1.0},\"ScreenColor\":{\"r\":0.0,\"g\":0.0,\"b\":0.0,\"a\":1.0}},{\"Id\":\"ArtMesh250\",\"MultiplyColor\":{\"r\":1.0,\"g\":1.0,\"b\":1.0,\"a\":1.0},\"ScreenColor\":{\"r\":0.0,\"g\":0.0,\"b\":0.0,\"a\":1.0}},{\"Id\":\"ArtMesh222\",\"MultiplyColor\":{\"r\":1.0,\"g\":1.0,\"b\":1.0,\"a\":1.0},\"ScreenColor\":{\"r\":0.0,\"g\":0.0,\"b\":0.0,\"a\":1.0}},{\"Id\":\"ArtMesh221\",\"MultiplyColor\":{\"r\":1.0,\"g\":1.0,\"b\":1.0,\"a\":1.0},\"ScreenColor\":{\"r\":0.0,\"g\":0.0,\"b\":0.0,\"a\":1.0}},{\"Id\":\"ArtMesh249\",\"MultiplyColor\":{\"r\":1.0,\"g\":1.0,\"b\":1.0,\"a\":1.0},\"ScreenColor\":{\"r\":0.0,\"g\":0.0,\"b\":0.0,\"a\":1.0}},{\"Id\":\"ArtMesh228\",\"MultiplyColor\":{\"r\":1.0,\"g\":1.0,\"b\":1.0,\"a\":1.0},\"ScreenColor\":{\"r\":0.0,\"g\":0.0,\"b\":0.0,\"a\":1.0}},{\"Id\":\"ArtMesh248\",\"MultiplyColor\":{\"r\":1.0,\"g\":1.0,\"b\":1.0,\"a\":1.0},\"ScreenColor\":{\"r\":0.0,\"g\":0.0,\"b\":0.0,\"a\":1.0}},{\"Id\":\"ArtMesh247\",\"MultiplyColor\":{\"r\":1.0,\"g\":1.0,\"b\":1.0,\"a\":1.0},\"ScreenColor\":{\"r\":0.0,\"g\":0.0,\"b\":0.0,\"a\":1.0}},{\"Id\":\"ArtMesh227\",\"MultiplyColor\":{\"r\":1.0,\"g\":1.0,\"b\":1.0,\"a\":1.0},\"ScreenColor\":{\"r\":0.0,\"g\":0.0,\"b\":0.0,\"a\":1.0}},{\"Id\":\"ArtMesh133\",\"MultiplyColor\":{\"r\":1.0,\"g\":1.0,\"b\":1.0,\"a\":1.0},\"ScreenColor\":{\"r\":0.0,\"g\":0.0,\"b\":0.0,\"a\":1.0}},{\"Id\":\"ArtMesh131\",\"MultiplyColor\":{\"r\":1.0,\"g\":1.0,\"b\":1.0,\"a\":1.0},\"ScreenColor\":{\"r\":0.0,\"g\":0.0,\"b\":0.0,\"a\":1.0}},{\"Id\":\"ArtMesh246\",\"MultiplyColor\":{\"r\":1.0,\"g\":1.0,\"b\":1.0,\"a\":1.0},\"ScreenColor\":{\"r\":0.0,\"g\":0.0,\"b\":0.0,\"a\":1.0}},{\"Id\":\"ArtMesh226\",\"MultiplyColor\":{\"r\":1.0,\"g\":1.0,\"b\":1.0,\"a\":1.0},\"ScreenColor\":{\"r\":0.0,\"g\":0.0,\"b\":0.0,\"a\":1.0}},{\"Id\":\"ArtMesh225\",\"MultiplyColor\":{\"r\":1.0,\"g\":1.0,\"b\":1.0,\"a\":1.0},\"ScreenColor\":{\"r\":0.0,\"g\":0.0,\"b\":0.0,\"a\":1.0}},{\"Id\":\"ArtMesh245\",\"MultiplyColor\":{\"r\":1.0,\"g\":1.0,\"b\":1.0,\"a\":1.0},\"ScreenColor\":{\"r\":0.0,\"g\":0.0,\"b\":0.0,\"a\":1.0}},{\"Id\":\"ArtMesh213\",\"MultiplyColor\":{\"r\":1.0,\"g\":1.0,\"b\":1.0,\"a\":1.0},\"ScreenColor\":{\"r\":0.0,\"g\":0.0,\"b\":0.0,\"a\":1.0}},{\"Id\":\"ArtMesh80\",\"MultiplyColor\":{\"r\":1.0,\"g\":1.0,\"b\":1.0,\"a\":1.0},\"ScreenColor\":{\"r\":0.0,\"g\":0.0,\"b\":0.0,\"a\":1.0}},{\"Id\":\"ArtMesh244\",\"MultiplyColor\":{\"r\":1.0,\"g\":1.0,\"b\":1.0,\"a\":1.0},\"ScreenColor\":{\"r\":0.0,\"g\":0.0,\"b\":0.0,\"a\":1.0}},{\"Id\":\"ArtMesh38\",\"MultiplyColor\":{\"r\":1.0,\"g\":1.0,\"b\":1.0,\"a\":1.0},\"ScreenColor\":{\"r\":0.0,\"g\":0.0,\"b\":0.0,\"a\":1.0}},{\"Id\":\"ArtMesh210\",\"MultiplyColor\":{\"r\":1.0,\"g\":1.0,\"b\":1.0,\"a\":1.0},\"ScreenColor\":{\"r\":0.0,\"g\":0.0,\"b\":0.0,\"a\":1.0}},{\"Id\":\"ArtMesh119\",\"MultiplyColor\":{\"r\":1.0,\"g\":1.0,\"b\":1.0,\"a\":1.0},\"ScreenColor\":{\"r\":0.0,\"g\":0.0,\"b\":0.0,\"a\":1.0}},{\"Id\":\"ArtMesh150\",\"MultiplyColor\":{\"r\":1.0,\"g\":1.0,\"b\":1.0,\"a\":1.0},\"ScreenColor\":{\"r\":0.0,\"g\":0.0,\"b\":0.0,\"a\":1.0}},{\"Id\":\"ArtMesh235\",\"MultiplyColor\":{\"r\":1.0,\"g\":1.0,\"b\":1.0,\"a\":1.0},\"ScreenColor\":{\"r\":0.0,\"g\":0.0,\"b\":0.0,\"a\":1.0}},{\"Id\":\"ArtMesh154\",\"MultiplyColor\":{\"r\":1.0,\"g\":1.0,\"b\":1.0,\"a\":1.0},\"ScreenColor\":{\"r\":0.0,\"g\":0.0,\"b\":0.0,\"a\":1.0}},{\"Id\":\"ArtMesh79\",\"MultiplyColor\":{\"r\":1.0,\"g\":1.0,\"b\":1.0,\"a\":1.0},\"ScreenColor\":{\"r\":0.0,\"g\":0.0,\"b\":0.0,\"a\":1.0}},{\"Id\":\"ArtMesh127\",\"MultiplyColor\":{\"r\":1.0,\"g\":1.0,\"b\":1.0,\"a\":1.0},\"ScreenColor\":{\"r\":0.0,\"g\":0.0,\"b\":0.0,\"a\":1.0}},{\"Id\":\"ArtMesh126\",\"MultiplyColor\":{\"r\":1.0,\"g\":1.0,\"b\":1.0,\"a\":1.0},\"ScreenColor\":{\"r\":0.0,\"g\":0.0,\"b\":0.0,\"a\":1.0}},{\"Id\":\"ArtMesh125\",\"MultiplyColor\":{\"r\":1.0,\"g\":1.0,\"b\":1.0,\"a\":1.0},\"ScreenColor\":{\"r\":0.0,\"g\":0.0,\"b\":0.0,\"a\":1.0}},{\"Id\":\"ArtMesh135\",\"MultiplyColor\":{\"r\":1.0,\"g\":1.0,\"b\":1.0,\"a\":1.0},\"ScreenColor\":{\"r\":0.0,\"g\":0.0,\"b\":0.0,\"a\":1.0}},{\"Id\":\"ArtMesh102\",\"MultiplyColor\":{\"r\":1.0,\"g\":1.0,\"b\":1.0,\"a\":1.0},\"ScreenColor\":{\"r\":0.0,\"g\":0.0,\"b\":0.0,\"a\":1.0}},{\"Id\":\"ArtMesh100\",\"MultiplyColor\":{\"r\":1.0,\"g\":1.0,\"b\":1.0,\"a\":1.0},\"ScreenColor\":{\"r\":0.0,\"g\":0.0,\"b\":0.0,\"a\":1.0}},{\"Id\":\"ArtMesh98\",\"MultiplyColor\":{\"r\":1.0,\"g\":1.0,\"b\":1.0,\"a\":1.0},\"ScreenColor\":{\"r\":0.0,\"g\":0.0,\"b\":0.0,\"a\":1.0}},{\"Id\":\"ArtMesh137\",\"MultiplyColor\":{\"r\":1.0,\"g\":1.0,\"b\":1.0,\"a\":1.0},\"ScreenColor\":{\"r\":0.0,\"g\":0.0,\"b\":0.0,\"a\":1.0}},{\"Id\":\"ArtMesh21\",\"MultiplyColor\":{\"r\":1.0,\"g\":1.0,\"b\":1.0,\"a\":1.0},\"ScreenColor\":{\"r\":0.0,\"g\":0.0,\"b\":0.0,\"a\":1.0}},{\"Id\":\"ArtMesh44\",\"MultiplyColor\":{\"r\":1.0,\"g\":1.0,\"b\":1.0,\"a\":1.0},\"ScreenColor\":{\"r\":0.0,\"g\":0.0,\"b\":0.0,\"a\":1.0}},{\"Id\":\"ArtMesh136\",\"MultiplyColor\":{\"r\":1.0,\"g\":1.0,\"b\":1.0,\"a\":1.0},\"ScreenColor\":{\"r\":0.0,\"g\":0.0,\"b\":0.0,\"a\":1.0}},{\"Id\":\"ArtMesh164\",\"MultiplyColor\":{\"r\":1.0,\"g\":1.0,\"b\":1.0,\"a\":1.0},\"ScreenColor\":{\"r\":0.0,\"g\":0.0,\"b\":0.0,\"a\":1.0}},{\"Id\":\"ArtMesh161\",\"MultiplyColor\":{\"r\":1.0,\"g\":1.0,\"b\":1.0,\"a\":1.0},\"ScreenColor\":{\"r\":0.0,\"g\":0.0,\"b\":0.0,\"a\":1.0}},{\"Id\":\"ArtMesh146\",\"MultiplyColor\":{\"r\":1.0,\"g\":1.0,\"b\":1.0,\"a\":1.0},\"ScreenColor\":{\"r\":0.0,\"g\":0.0,\"b\":0.0,\"a\":1.0}},{\"Id\":\"ArtMesh140\",\"MultiplyColor\":{\"r\":1.0,\"g\":1.0,\"b\":1.0,\"a\":1.0},\"ScreenColor\":{\"r\":0.0,\"g\":0.0,\"b\":0.0,\"a\":1.0}},{\"Id\":\"ArtMesh39\",\"MultiplyColor\":{\"r\":1.0,\"g\":1.0,\"b\":1.0,\"a\":1.0},\"ScreenColor\":{\"r\":0.0,\"g\":0.0,\"b\":0.0,\"a\":1.0}},{\"Id\":\"ArtMesh139\",\"MultiplyColor\":{\"r\":1.0,\"g\":1.0,\"b\":1.0,\"a\":1.0},\"ScreenColor\":{\"r\":0.0,\"g\":0.0,\"b\":0.0,\"a\":1.0}},{\"Id\":\"ArtMesh121\",\"MultiplyColor\":{\"r\":1.0,\"g\":1.0,\"b\":1.0,\"a\":1.0},\"ScreenColor\":{\"r\":0.0,\"g\":0.0,\"b\":0.0,\"a\":1.0}},{\"Id\":\"ArtMesh107\",\"MultiplyColor\":{\"r\":1.0,\"g\":1.0,\"b\":1.0,\"a\":1.0},\"ScreenColor\":{\"r\":0.0,\"g\":0.0,\"b\":0.0,\"a\":1.0}},{\"Id\":\"ArtMesh123\",\"MultiplyColor\":{\"r\":1.0,\"g\":1.0,\"b\":1.0,\"a\":1.0},\"ScreenColor\":{\"r\":0.0,\"g\":0.0,\"b\":0.0,\"a\":1.0}},{\"Id\":\"ArtMesh111\",\"MultiplyColor\":{\"r\":1.0,\"g\":1.0,\"b\":1.0,\"a\":1.0},\"ScreenColor\":{\"r\":0.0,\"g\":0.0,\"b\":0.0,\"a\":1.0}},{\"Id\":\"ArtMesh89\",\"MultiplyColor\":{\"r\":1.0,\"g\":1.0,\"b\":1.0,\"a\":1.0},\"ScreenColor\":{\"r\":0.0,\"g\":0.0,\"b\":0.0,\"a\":1.0}},{\"Id\":\"ArtMesh88\",\"MultiplyColor\":{\"r\":1.0,\"g\":1.0,\"b\":1.0,\"a\":1.0},\"ScreenColor\":{\"r\":0.0,\"g\":0.0,\"b\":0.0,\"a\":1.0}},{\"Id\":\"ArtMesh47\",\"MultiplyColor\":{\"r\":1.0,\"g\":1.0,\"b\":1.0,\"a\":1.0},\"ScreenColor\":{\"r\":0.0,\"g\":0.0,\"b\":0.0,\"a\":1.0}},{\"Id\":\"ArtMesh48\",\"MultiplyColor\":{\"r\":1.0,\"g\":1.0,\"b\":1.0,\"a\":1.0},\"ScreenColor\":{\"r\":0.0,\"g\":0.0,\"b\":0.0,\"a\":1.0}},{\"Id\":\"ArtMesh42\",\"MultiplyColor\":{\"r\":1.0,\"g\":1.0,\"b\":1.0,\"a\":1.0},\"ScreenColor\":{\"r\":0.0,\"g\":0.0,\"b\":0.0,\"a\":1.0}},{\"Id\":\"ArtMesh41\",\"MultiplyColor\":{\"r\":1.0,\"g\":1.0,\"b\":1.0,\"a\":1.0},\"ScreenColor\":{\"r\":0.0,\"g\":0.0,\"b\":0.0,\"a\":1.0}},{\"Id\":\"ArtMesh40\",\"MultiplyColor\":{\"r\":1.0,\"g\":1.0,\"b\":1.0,\"a\":1.0},\"ScreenColor\":{\"r\":0.0,\"g\":0.0,\"b\":0.0,\"a\":1.0}},{\"Id\":\"ArtMesh27\",\"MultiplyColor\":{\"r\":1.0,\"g\":1.0,\"b\":1.0,\"a\":1.0},\"ScreenColor\":{\"r\":0.0,\"g\":0.0,\"b\":0.0,\"a\":1.0}},{\"Id\":\"ArtMesh43\",\"MultiplyColor\":{\"r\":1.0,\"g\":1.0,\"b\":1.0,\"a\":1.0},\"ScreenColor\":{\"r\":0.0,\"g\":0.0,\"b\":0.0,\"a\":1.0}},{\"Id\":\"ArtMesh106\",\"MultiplyColor\":{\"r\":1.0,\"g\":1.0,\"b\":1.0,\"a\":1.0},\"ScreenColor\":{\"r\":0.0,\"g\":0.0,\"b\":0.0,\"a\":1.0}},{\"Id\":\"ArtMesh2\",\"MultiplyColor\":{\"r\":1.0,\"g\":1.0,\"b\":1.0,\"a\":1.0},\"ScreenColor\":{\"r\":0.0,\"g\":0.0,\"b\":0.0,\"a\":1.0}},{\"Id\":\"ArtMesh10\",\"MultiplyColor\":{\"r\":1.0,\"g\":1.0,\"b\":1.0,\"a\":1.0},\"ScreenColor\":{\"r\":0.0,\"g\":0.0,\"b\":0.0,\"a\":1.0}},{\"Id\":\"ArtMesh122\",\"MultiplyColor\":{\"r\":1.0,\"g\":1.0,\"b\":1.0,\"a\":1.0},\"ScreenColor\":{\"r\":0.0,\"g\":0.0,\"b\":0.0,\"a\":1.0}},{\"Id\":\"ArtMesh95\",\"MultiplyColor\":{\"r\":1.0,\"g\":1.0,\"b\":1.0,\"a\":1.0},\"ScreenColor\":{\"r\":0.0,\"g\":0.0,\"b\":0.0,\"a\":1.0}},{\"Id\":\"ArtMesh108\",\"MultiplyColor\":{\"r\":1.0,\"g\":1.0,\"b\":1.0,\"a\":1.0},\"ScreenColor\":{\"r\":0.0,\"g\":0.0,\"b\":0.0,\"a\":1.0}},{\"Id\":\"ArtMesh109\",\"MultiplyColor\":{\"r\":1.0,\"g\":1.0,\"b\":1.0,\"a\":1.0},\"ScreenColor\":{\"r\":0.0,\"g\":0.0,\"b\":0.0,\"a\":1.0}},{\"Id\":\"ArtMesh110\",\"MultiplyColor\":{\"r\":1.0,\"g\":1.0,\"b\":1.0,\"a\":1.0},\"ScreenColor\":{\"r\":0.0,\"g\":0.0,\"b\":0.0,\"a\":1.0}},{\"Id\":\"ArtMesh138\",\"MultiplyColor\":{\"r\":1.0,\"g\":1.0,\"b\":1.0,\"a\":1.0},\"ScreenColor\":{\"r\":0.0,\"g\":0.0,\"b\":0.0,\"a\":1.0}},{\"Id\":\"ArtMesh147\",\"MultiplyColor\":{\"r\":1.0,\"g\":1.0,\"b\":1.0,\"a\":1.0},\"ScreenColor\":{\"r\":0.0,\"g\":0.0,\"b\":0.0,\"a\":1.0}},{\"Id\":\"ArtMesh112\",\"MultiplyColor\":{\"r\":1.0,\"g\":1.0,\"b\":1.0,\"a\":1.0},\"ScreenColor\":{\"r\":0.0,\"g\":0.0,\"b\":0.0,\"a\":1.0}},{\"Id\":\"ArtMesh113\",\"MultiplyColor\":{\"r\":1.0,\"g\":1.0,\"b\":1.0,\"a\":1.0},\"ScreenColor\":{\"r\":0.0,\"g\":0.0,\"b\":0.0,\"a\":1.0}},{\"Id\":\"Mouth_Mask2\",\"MultiplyColor\":{\"r\":1.0,\"g\":1.0,\"b\":1.0,\"a\":1.0},\"ScreenColor\":{\"r\":0.0,\"g\":0.0,\"b\":0.0,\"a\":1.0}},{\"Id\":\"ArtMesh200\",\"MultiplyColor\":{\"r\":1.0,\"g\":1.0,\"b\":1.0,\"a\":1.0},\"ScreenColor\":{\"r\":0.0,\"g\":0.0,\"b\":0.0,\"a\":1.0}},{\"Id\":\"ArtMesh233\",\"MultiplyColor\":{\"r\":1.0,\"g\":1.0,\"b\":1.0,\"a\":1.0},\"ScreenColor\":{\"r\":0.0,\"g\":0.0,\"b\":0.0,\"a\":1.0}},{\"Id\":\"ArtMesh232\",\"MultiplyColor\":{\"r\":1.0,\"g\":1.0,\"b\":1.0,\"a\":1.0},\"ScreenColor\":{\"r\":0.0,\"g\":0.0,\"b\":0.0,\"a\":1.0}},{\"Id\":\"ArtMesh224\",\"MultiplyColor\":{\"r\":1.0,\"g\":1.0,\"b\":1.0,\"a\":1.0},\"ScreenColor\":{\"r\":0.0,\"g\":0.0,\"b\":0.0,\"a\":1.0}},{\"Id\":\"ArtMesh220\",\"MultiplyColor\":{\"r\":1.0,\"g\":1.0,\"b\":1.0,\"a\":1.0},\"ScreenColor\":{\"r\":0.0,\"g\":0.0,\"b\":0.0,\"a\":1.0}},{\"Id\":\"ArtMesh99\",\"MultiplyColor\":{\"r\":1.0,\"g\":1.0,\"b\":1.0,\"a\":1.0},\"ScreenColor\":{\"r\":0.0,\"g\":0.0,\"b\":0.0,\"a\":1.0}},{\"Id\":\"ArtMesh97\",\"MultiplyColor\":{\"r\":1.0,\"g\":1.0,\"b\":1.0,\"a\":1.0},\"ScreenColor\":{\"r\":0.0,\"g\":0.0,\"b\":0.0,\"a\":1.0}},{\"Id\":\"ArtMesh194\",\"MultiplyColor\":{\"r\":1.0,\"g\":1.0,\"b\":1.0,\"a\":1.0},\"ScreenColor\":{\"r\":0.0,\"g\":0.0,\"b\":0.0,\"a\":1.0}},{\"Id\":\"ArtMesh82\",\"MultiplyColor\":{\"r\":1.0,\"g\":1.0,\"b\":1.0,\"a\":1.0},\"ScreenColor\":{\"r\":0.0,\"g\":0.0,\"b\":0.0,\"a\":1.0}},{\"Id\":\"ArtMesh93\",\"MultiplyColor\":{\"r\":1.0,\"g\":1.0,\"b\":1.0,\"a\":1.0},\"ScreenColor\":{\"r\":0.0,\"g\":0.0,\"b\":0.0,\"a\":1.0}},{\"Id\":\"ArtMesh208\",\"MultiplyColor\":{\"r\":1.0,\"g\":1.0,\"b\":1.0,\"a\":1.0},\"ScreenColor\":{\"r\":0.0,\"g\":0.0,\"b\":0.0,\"a\":1.0}},{\"Id\":\"ArtMesh195\",\"MultiplyColor\":{\"r\":1.0,\"g\":1.0,\"b\":1.0,\"a\":1.0},\"ScreenColor\":{\"r\":0.0,\"g\":0.0,\"b\":0.0,\"a\":1.0}},{\"Id\":\"ArtMesh191\",\"MultiplyColor\":{\"r\":1.0,\"g\":1.0,\"b\":1.0,\"a\":1.0},\"ScreenColor\":{\"r\":0.0,\"g\":0.0,\"b\":0.0,\"a\":1.0}},{\"Id\":\"ArtMesh75\",\"MultiplyColor\":{\"r\":1.0,\"g\":1.0,\"b\":1.0,\"a\":1.0},\"ScreenColor\":{\"r\":0.0,\"g\":0.0,\"b\":0.0,\"a\":1.0}}]}"}]}
